"Name","Stages","Capacity","Address","City","State/Province","Contacts"
"Abacoa Amphitheatre","Abacoa Amphitheatre","2400","1260 University Boulevard
Jupiter, Florida 33458 United States","Jupiter","Florida",""
"Abbeville Opera House","Abbeville Opera House","350","100 Court Square
Abbeville, South Carolina 29620 United States","Abbeville","South Carolina",""
"Adelaide Hall","Adelaide Hall","0","250 Adelaide Street West
Toronto, Ontario M5H 1X6 Canada","Toronto","Ontario",""
"Agoura Hills Summer Concert","Agoura Hills Summer Concert","2000","5550 Medea Valley Drive
Agoura Hills, California 91301 United States","Agoura Hills","California",""
"Akron Civic Theatre","Akron Civic Theatre, Goodyear Theater, Knight Theater","1658","182 South Main Street
Akron, Ohio 44308 United States","Akron","Ohio",""
"All Saints Club","All Saints Club","0","1143 Wood Street
Bristol, Pennsylvania 19007 United States","Bristol","Pennsylvania",""
"Alliance for the Arts","Alliance for the Arts","150","10091 McGregor Boulevard
Fort Myers, Florida 33919 United States","Fort Myers","Florida",""
"Amos' Southend ","Amos' Southend","600","1423 South Tryon Street
Charlotte, North Carolina 28203 United States","Charlotte","North Carolina",""
"Amp Room ","Amp Room","300","2407 North Saint Mary's Street
San Antonio, Texas 78212 United States","San Antonio","Texas",""
"Amplify! ","Amplify!","350","417 College Road
Wilmington, North Carolina 28403 United States","Wilmington","North Carolina",""
"Anaheim Concert Series","Pearson Park Amphitheatre","2000","401 North Lemon Street
Anaheim, California 92805 United States","Anaheim","California",""
"Anaheim GardenWalk","Anaheim GardenWalk","10000","400 Disney Way
Anaheim, California 92802 United States","Anaheim","California",""
"Antone's Nightclub","Antone's Nightclub","300","305 East 5th Street
Austin, Texas 78701 United States","Austin","Texas",""
"Apple Blossom Festival ","Apple Blossom Festival","2000","2 South Chelan Avenue
Wenatchee, Washington 98801 United States","Wenatchee","Washington",""
"Apps&Taps","Apps&Taps","600","155 Pinnacle Lane
Mooresville, North Carolina 28117 United States","Mooresville","North Carolina",""
"Aquila's Nest Vineyards","Aquila's Nest Vineyards","250","56 Pole Bridge Road
Newtown, Connecticut 06482 United States","Newtown","Connecticut","Neviana Zhgaba"
"Arcada Theatre","Arcada Theatre","0","105 East Main Street
St. Charles, Illinois 60174 United States","St. Charles","Illinois",""
"Ardmore Music Hall","Ardmore Music Hall","525","23 East Lancaster Avenue
Ardmore, Pennsylvania 19003 United States","Ardmore","Pennsylvania",""
"Area 142","Area 142","0","142 Minutemen Causeway
Cocoa Beach, Florida 32931 United States","Cocoa Beach","Florida",""
"Aretsky's Patroon","Aretsky's Patroon","0","160 East 46th Street
New York, New York 10017 United States","New York","New York",""
"Armonk Summer Concerts Series at the Gazebo","Wampus Park Gazebo","1000","40 Maple Avenue
Armonk, New York 10504 United States","Armonk","New York","Matt Trainor, Neal Schwartz"
"Art Theater","Art Theater","0","230 Main Street
Hobart, Indiana 46342 United States","Hobart","Indiana",""
"Arties Bar and Grill","Arties Bar and Grill","800","1121 New Jersey 12
Frenchtown, New Jersey 08825 United States","Frenchtown","New Jersey",""
"Asbury Lanes","Asbury Lanes","725","209 4th Avenue
Asbury Park, New Jersey 07712 United States","Asbury Park","New Jersey",""
"Asheville Music Hall","Asheville Music Hall","350","31 Patton Avenue
Asheville, North Carolina 28801 United States","Asheville","North Carolina",""
"Ashland Theatre","Ashland Theatre","0","205 England Street
Ashland, Virginia 23005 United States","Ashland","Virginia",""
"Athens Riverfront Park","Athens Riverfront Park","0","4 North Water Street
Athens, New York 12015 United States","Athens","New York",""
"Athens Theatre","Athens Theatre","0","124 North Florida Avenue
DeLand, Florida 32720 United States","DeLand","Florida","Jay Keller"
"ATL Cup Series","Atlanta Motor Speedway","600","1500 Tara Place
Hampton, Georgia 30228 United States","Hampton","Georgia",""
"AURA","AURA","1000","121 Center Street
Portland, Maine 04101 United States","Portland","Maine",""
"Aurora Ice Rink","The Healthy Zone Rink","1500","41 Riley Street
East Aurora, New York 14052 United States","East Aurora","New York",""
"Autumnfest ","Autumnfest","2000","84 Social Street
Woonsocket, Rhode Island 02895 United States","Woonsocket","Rhode Island",""
"Avenue 912","Avenue 912","400","202 West Ridge Road
Griffith, Indiana 46319 United States","Griffith","Indiana",""
"B2 Bistro + Bar","B2 Bistro + Bar","100","125 Bayview Avenue
Berkeley Township, New Jersey 08721 United States","Berkeley Township","New Jersey",""
"Babylon Village Block Party","Lily's Babylon Parking Lot","600","345 Deer Park Avenue
Babylon, New York 11702 United States","Babylon","New York",""
"Back Porch 585 Tavern","Outdoor Stage","0","3739 County Line Road
Brockport, New York 14420 United States","Brockport","New York","David Bannister"
"Backstage Bar ","Backstage Bar","0","601 East Fremont Street
Las Vegas, Nevada 89101 United States","Las Vegas","Nevada",""
"Ballantyne's Backyard","Ballantyne's Backyard","0","11611 North Community House Road
Charlotte, North Carolina 28277 United States","Charlotte","North Carolina",""
"Ballard's Beach Resort","Ballard's Beach Resort","350","42 Water Street
New Shoreham, Rhode Island 02807 United States","New Shoreham","Rhode Island",""
"Baltimore Peninsula","Baltimore Peninsula","0","101 West Dickman Street
Baltimore, Maryland 21230 United States","Baltimore","Maryland",""
"Bands @ Barnard","Bands @ Barnard","3000","410 Maiden Lane
Rochester, New York 14616 United States","Rochester","New York",""
"Banger's Sausage House & Beer Garden","Banger's Sausage House & Beer Garden","0","79 Rainey Street
Austin, Texas 78701 United States","Austin","Texas",""
"Bank of NH Pavilion West (MAIN) Entrance","Bank of NH Pavilion West (MAIN) Entrance","9000","108 Kimball Road
Gilford, New Hampshire 03249 United States","Gilford","New Hampshire",""
"Barge 295","Barge 295","0","2613 ½ East Nasa Parkway
Seabrook, Texas 77586 United States","Seabrook","Texas","Mike Hessemer"
"Barnard Exempts","Barnard Exempts","3000","360 Maiden Lane
Rochester, New York 14616 United States","Rochester","New York",""
"Barnstormer's Grill and Event Center","Barnstormer's Grill and Event Center","500","349 Jonathans Roost Road
Williamson, Georgia 30292 United States","Williamson","Georgia",""
"Barrelhouse Ballroom","Barrelhouse Ballroom","550","1501 Long Street
Chattanooga, Tennessee 37408 United States","Chattanooga","Tennessee",""
"Basement East","Basement East","605","917 Woodland Street
Nashville, Tennessee 37206 United States","Nashville","Tennessee",""
"Beach House Grill","Beach House Grill","1200","3125 Ocean Front Walk
San Diego, California 92109 United States","San Diego","California",""
"Beachland Ballroom & Tavern","Beachland Ballroom & Tavern","500","15711 Waterloo Road
Cleveland, Ohio 44110 United States","Cleveland","Ohio",""
"Beachside Tavern","Beachside Tavern","0","690 East 3rd Avenue
New Smyrna Beach, Florida 32169 United States","New Smyrna Beach","Florida",""
"Bearsville Theater","Bearsville Theater","0","291 Tinker Street
Woodstock, New York 12498 United States","Woodstock","New York",""
"Beech Mountain Resort","Beech Mountain Resort","0","1007 Beech Mountain Parkway
Beech Mountain, North Carolina 28604 United States","Beech Mountain","North Carolina",""
"Beer Bourbon BBQ - Jacksonville ","Beer Bourbon BBQ","5000","64 Gator Bowl Boulevard
Jacksonville, Florida 32202 United States","Jacksonville","Florida",""
"Beer City Music Hall","Beer City Music Hall","0","1141 Northwest 2nd Street
Oklahoma City, Oklahoma 73106 United States","Oklahoma City","Oklahoma",""
"Belle Isle Restaurant & Pub","Belle Isle Restaurant & Pub","0","1900 Northwest Expressway
Oklahoma City, Oklahoma 73118 United States","Oklahoma City","Oklahoma",""
"Belle Johnston Community Center","Belle Johnston Community Center, Belle Johnston Lake Park","0","1000 Johnston Drive
Pineville, North Carolina 28134 United States","Pineville","North Carolina",""
"Belly Up Solana Beach ","Belly Up Solana Beach","600","143 South Cedros Avenue
Solana Beach, California 92075 United States","Solana Beach","California",""
"Ben's Farm","Ben's Farm","200","12317 Bailey Road
Cornelius, North Carolina 28031 United States","Cornelius","North Carolina",""
"Bergfeld Park","Bergfeld Park","0","1510 South College Avenue
Tyler, Texas 75702 United States","Tyler","Texas",""
"Bernie's Beach Bar","Bernie's Beach Bar","0","72 Ocean Boulevard
Hampton Beach, New Hampshire 03842 United States","Hampton Beach","New Hampshire",""
"Best Western Plus Dutch Haus Inn and Suites","Best Western Plus Dutch Haus Inn and Suites","210","150 East State Route 14
Columbiana, Ohio 44408 United States","Columbiana","Ohio",""
"Bethany Beach Bandstand","Bethany Beach Bandstand","500","110 Boardwalk
Bethany Beach, Delaware 19930 United States","Bethany Beach","Delaware",""
"Bethesda Blues and Jazz Supper Club","Bethesda Blues and Jazz Supper Club","500","7719 Wisconsin Avenue
Bethesda, Maryland 20814 United States","Bethesda","Maryland",""
"Biergarten @ Old World HB ","Biergarten @ Old World HB","450","7561 Center Ave #49
Huntington Beach, California 92647 United States","Huntington Beach","California",""
"Big Bar","Big Bar","500","14 East 10th Street
Erie, Pennsylvania 16501 United States","Erie","Pennsylvania","Matt Stubenhofer"
"Big Day Brewing","Big Day Brewing","0","20 Glen Road
Gorham, New Hampshire 03581 United States","Gorham","New Hampshire",""
"Big Top Brewing Company","Big Top Brewing Company","0","975 Cattlemen Road
Sarasota, Florida 34232 United States","Sarasota","Florida",""
"Big's Stump Creek Music Park","Big's Stump Creek Music Park","500","156 Georgia 32
Ocilla, Georgia 31774 United States","Ocilla","Georgia",""
"Bigs Bar ","Bigs Bar","600","3110 West 12th Street
Sioux Falls, South Dakota 57104 United States","Sioux Falls","South Dakota",""
"Bigsby's Folly Craft Winery & Restaurant","Bigsby's Folly Craft Winery & Restaurant","0","3563 Wazee Street
Denver, Colorado 80216 United States","Denver","Colorado",""
"Bilheimer Capitol Theatre ","1","766","405 Cleveland Street
Clearwater, Florida 33755 United States","Clearwater","Florida","Bobby Rossi"
"Billy's Blues","Billy's Blues","0","7115 Northeast Hazel Dell Avenue
Vancouver, Washington 98665 United States","Vancouver","Washington",""
"Black Dog Salvage","Black Dog Salvage","500","902 13th Street Southwest
Roanoke, Virginia 24016 United States","Roanoke","Virginia",""
"Blackstone Country Club at Vistancia","Blackstone Country Club at Vistancia","300","12101 West Blackstone Drive
Peoria, Arizona 85383 United States","Peoria","Arizona",""
"Bleachers","Bleachers","0","300 Middle Street
Bristol, Connecticut 06010 United States","Bristol","Connecticut",""
"Blu Nightclub / Bally’s Lake Tahoe","Blu Nightclub / Bally’s Lake Tahoe","1200","55 U.S. 50
Stateline, Nevada 89449 United States","Stateline","Nevada",""
"Blue Arrow Farm","Blue Arrow Farm (Dinner Club), Blue Arrow Farm (Event Room), Blue Arrow Farm (Outdoor Pavillion), Blue Arrow Farm (Outdoor Stage)","3730","86 Glenwood Road
Pine Island, New York 10969 United States","Pine Island","New York",""
"Blue Fox Billiards Bar & Grill","Blue Fox Billiards Bar & Grill","200","1160 Millwood Pike
Winchester, VA 22602 United States","Winchester","VA","Andrew Ellis"
"Blue Lake Casino ","Blue Lake Casino","0","777 Casino Way
Blue Lake, California 95525 United States","Blue Lake","California",""
"Blue Mountain Equine Center","Blue Mountain Equine Center","0","125 Southwest 18th Street
Pendleton, Oregon 97801 United States","Pendleton","Oregon",""
"Blue Ocean Music Hall","Blue Ocean Music Hall","0","4 Ocean Front North
Salisbury, Massachusetts 01952 United States","Salisbury","Massachusetts",""
"Blue Point Brewing Company","Blue Point Brewing Company","0","225 West Main Street
Patchogue, New York 11772 United States","Patchogue","New York",""
"Bluebird Theatre ","Bluebird Theatre","0","3317 East Colfax Avenue
Denver, Colorado 80206 United States","Denver","Colorado",""
"Bluewater Resort and Casino","Bluewater Resort and Casino","0","11300 Resort Drive
Parker, Arizona 85344 United States","Parker","Arizona",""
"Bluffton Street Fair","Bluffton Street Fair","1000","300 North Main Street
Bluffton, Indiana 46714 United States","Bluffton","Indiana",""
"Boarding House Park","Boarding House Park","1800","40 French Street
Lowell, Massachusetts 01852 United States","Lowell","Massachusetts",""
"Boardwalk Orangevale CA","Boardwalk","1000","9426 Greenback Lane
Orangevale, California 95662 United States","Orangevale","California",""
"BoatYard LKN","BoatYard LKN","0","18418 Statesville Road
Cornelius, North Carolina 28031 United States","Cornelius","North Carolina",""
"Boca Black Box","Boca Black Box","267","8221 Glades Road
Boca Raton, Florida 33434 United States","Boca Raton","Florida",""
"Bogart's","Bogart's","1350","2621 Vine Street
Cincinnati, Ohio 45219 United States","Cincinnati","Ohio",""
"Bogota Kitchen + Bar","Bogota Kitchen + Bar","400","917 11th Street
Palm Harbor, Florida 34683 United States","Palm Harbor","Florida",""
"Boone Saloon","Boone Saloon","135","489 West King Street
Boone, North Carolina 28607 United States","Boone","North Carolina",""
"Boot Barn Hall","Boot Barn Hall","0","13071 Bass Pro Drive
Colorado Springs, Colorado 80921 United States","Colorado Springs","Colorado",""
"Boot Barn Hall | GA ( Concerts )","Boot Barn Hall | GA ( Concerts )","0","312 Jesse Jewell Parkway
Gainesville, Georgia 30501 United States","Gainesville","Georgia",""
"Bootleggers Saloon","Bootleggers Saloon","900","1900 Ohio 7
Yankee Lake, Ohio 44403 United States","Yankee Lake","Ohio",""
"Borough of Buena","Borough of Buena","2000","616 Central Avenue
PO Box 620
Buena, New Jersey 08341 United States","Buena","New Jersey","Cindi Holland"
"Bottle & Cork","Bottle & Cork","1200","1807 Delaware 1
Dewey Beach, Delaware 19971 United States","Dewey Beach","Delaware",""
"Bourbon on Division","Bourbon on Division","150","2050 West Division Street
Chicago, Illinois 60622 United States","Chicago","Illinois",""
"Bourre","Bourre","0","201 South New York Avenue
Atlantic City, New Jersey 08401 United States","Atlantic City","New Jersey",""
"Bowstring Burgers and Brewyard (Wilmington)","Bowstring Burgers and Brewyard (Wilmington)","600","1002 Princess Street
Wilmington, North Carolina 28401 United States","Wilmington","North Carolina",""
"Bowstring Pizza and Brewyard","Bowstring Pizza and Brewyard","700","1930 Wake Forest Road
Raleigh, North Carolina 27608 United States","Raleigh","North Carolina",""
"Bradford Fair","Bradford Fair","0","66 Carson Lane
Bradford, Vermont 05033 United States","Bradford","Vermont",""
"Bradner Residence (Private Event)","Bradner Residence","0","295 Meadowbrook Road
Weston, Massachusetts 02493 United States","Weston","Massachusetts",""
"Branch House Tavern","Branch House Tavern","0","5466 McEver Road
Flowery Branch, Georgia 30542 United States","Flowery Branch","Georgia","Martin Dotson"
"Brauer House","Brauer House","0","1000 North Rohlwing Road
Lombard, Illinois 60148 United States","Lombard","Illinois",""
"Braxton Brewing Company","Braxton Brewing Company","0","27 West 7th Street
Covington, Kentucky 41011 United States","Covington","Kentucky",""
"Brewster Street Ice House","Brewster Street Ice House","0","1724 North Tancahua Street
Corpus Christi, Texas 78401 United States","Corpus Christi","Texas",""
"Brick House Restaurant & Lounge","Brick House Restaurant & Lounge","350","510 U.S. 17 Business
Surfside Beach, South Carolina 29575 United States","Surfside Beach","South Carolina",""
"Bright Box Theater","Bright Box Theater","300","15 N Loudoun Street
Winchester, Virginia 22601 United States","Winchester","Virginia","Nick Helmut"
"Broad Brook Opera House","Broad Brook Opera House","350","107 Main Street
East Windsor, Connecticut 06016 United States","East Windsor","Connecticut","Victoria Kania"
"Broadway Theatre of Pitman","Broadway Theatre of Pitman","999","43 South Broadway
Pitman, New Jersey 08071 United States","Pitman","New Jersey",""
"Brock Performing Arts Center","Brock Performing Arts Center","450","622 North Main Street
Mocksville, North Carolina 27028 United States","Mocksville","North Carolina",""
"Broken Goblet Brewing","Broken Goblet Brewing","450","2500 State Road
Bensalem Township, Pennsylvania 19020 United States","Bensalem Township","Pennsylvania",""
"Broken Spoke Saloon ","Broken Spoke Saloon","1500","1151 North US Highway 1
Ormond Beach, Florida 32174 United States","Ormond Beach","Florida",""
"Brook Run Park","Brook Run Park","0","4770 North Peachtree Road
Dunwoody, Georgia 30338 United States","Dunwoody","Georgia",""
"Brooklyn Borough Hall","Brooklyn Borough Hall","0","209 Joralemon Street
Brooklyn, New York 11201 United States","Brooklyn","New York",""
"Brooklyn Bowl","Brooklyn Bowl","0","61 Wythe Avenue
Brooklyn, New York 11211 United States","Brooklyn","New York",""
"Brooklyn Bowl","Brooklyn Bowl","0","3545 South Las Vegas Boulevard
Las Vegas, Nevada 89109 United States","Las Vegas","Nevada",""
"Brooklyn Bowl Philadelphia","Brooklyn Bowl Philadelphia","0","1009 Canal Street
Philadelphia, Pennsylvania 19123 United States","Philadelphia","Pennsylvania",""
"Brown County Playhouse","Brown County Playhouse","425","70 South Van Buren Street
Nashville, Indiana 47448 United States","Nashville","Indiana",""
"Brown Park","Brown Park","1000","1298 Browns Lane
Saint Matthews, Kentucky 40207 United States","Saint Matthews","Kentucky","John Grantz"
"Brownsville Sports Park","Brownsville Sports Park","800","1000 Sports Park Boulevard
Brownsville, Texas 78526 United States","Brownsville","Texas",""
"Brues Alehouse Brewing Co.","Brues Alehouse Brewing Co.","0","120 Riverwalk Place
Pueblo, Colorado 81003 United States","Pueblo","Colorado",""
"Brunswick Community College","Odell Williamson Auditorium","1479","150 College Road Northeast
Bolivia, North Carolina 28422 United States","Bolivia","North Carolina",""
"Buck's Backyard","Buck's Backyard","1000","1750 Farm to Market 1626
Buda, Texas 78610 United States","Buda","Texas",""
"Bud Light Amphitheater at Paper Mill Island","Bud Light Amphitheater at Paper Mill Island","0","136 Spensieri Avenue
Baldwinsville, New York 13027 United States","Baldwinsville","New York",""
"Bud Light Rocks the Boat at Steamboat Ski Resort ","Steamboat Ski Resort","2000","2350 Mount Werner Circle
Steamboat Springs, Colorado 80487 United States","Steamboat Springs","Colorado",""
"Buddha LIVE","Buddha LIVE","400","12701 McGregor Boulevard
Fort Myers, Florida 33919 United States","Fort Myers","Florida",""
"Buffalo Iron Works","Buffalo Iron Works","500","49 Illinois Street
Buffalo, New York 14203 United States","Buffalo","New York",""
"Buffalo Rose","Buffalo Rose","0","1119 Washington Avenue
Golden, Colorado 80401 United States","Golden","Colorado",""
"Buford Community Center Town Park – Festival Lawn Amphitheater","Buford Community Center Town Park – Festival Lawn Amphitheater","0","2200 Buford Highway Northeast
Buford, Georgia 30518 United States","Buford","Georgia",""
"Buntsy's Band Stand","Buntsy's Band Stand","300","2225 Empire Boulevard
Webster, New York 14580 United States","Webster","New York",""
"Burlingame Country Club","Burlingame Country Club","0","80 New Place Road
Hillsborough, California 94010 United States","Hillsborough","California",""
"Burnt Mill Creek Billiards & Wine Bar","Burnt Mill Creek Billiards & Wine Bar","250","2101 Market Street
Wilmington, North Carolina 28403 United States","Wilmington","North Carolina",""
"Cafe Da Vinci","Cafe Da Vinci","0","112 West Georgia Avenue
DeLand, Florida 32720 United States","DeLand","Florida",""
"Cafe Eleven","Cafe Eleven","140","501 A1A Beach Boulevard
St. Augustine, Florida 32080 United States","St. Augustine","Florida","Patrick Lavery"
"Cafe Wha?","Cafe Wha?","230","115 MacDougal Street
New York, New York 10012 United States","New York","New York",""
"Cage Brewing","Cage Brewing","500","2001 1st Avenue South
St. Petersburg, Florida 33712 United States","St. Petersburg","Florida",""
"Cain Center For The Arts","Cain Center For The Arts","0","21348 Catawba Avenue
Cornelius, North Carolina 28031 United States","Cornelius","North Carolina",""
"Cain's Ballroom","Cain's Ballroom","1700","423 North Main Street
Tulsa, Oklahoma 74103 United States","Tulsa","Oklahoma",""
"Cal Coast Beer","Cal Coast Beer","0","1346 Railroad Street
Paso Robles, California 93446 United States","Paso Robles","California",""
"Cal Expo ","Crawfish Fest CA","0","1600 Exposition Boulevard
Sacramento, California 95815 United States","Sacramento","California",""
"Caliente Club & Resorts","Caliente Club & Resorts","0","21240 Gran Via Boulevard
Land O' Lakes, Florida 34637 United States","Land O' Lakes","Florida",""
"Camp Keewanee","Camp Keewanee","1000","1 Health Camp Road
Greenfield, Massachusetts 01301 United States","Greenfield","Massachusetts",""
"Campus Martius Park","Campus Martius Park","0","800 Woodward Avenue
Detroit, Michigan 48226 United States","Detroit","Michigan",""
"Canal Music Fest ","Canal Music Fest","4000","225 Parkwood Drive
Tipp City, Ohio 45371 United States","Tipp City","Ohio",""
"Canopy Club","Canopy Club","1000","708 South Goodwin Avenue
Urbana, Illinois 61801 United States","Urbana","Illinois",""
"Canton High School Auditorium ","Canton High School Auditorium","1000","1001 North Main Street
Canton, Illinois 61520 United States","Canton","Illinois",""
"Cape Fear Country Club","Cape Fear Country Club","400","1518 Country Club Road
Wilmington, North Carolina 28403 United States","Wilmington","North Carolina",""
"Capital One Hall","The Vault","285","7750 Capital One Tower Road
Tysons, Virginia 22102 United States","Tysons","Virginia","Carter Ward"
"Capitol Theatre","Capitol Theatre","0","204 Massachusetts Avenue
Arlington, Massachusetts 02474 United States","Arlington","Massachusetts",""
"Captain Hirams","Captain Hirams","1000","1580 U.S. 1
Sebastian, Florida 32958 United States","Sebastian","Florida",""
"Captain's Cove Seaport (Marina, Restaurant & Bar)","Captain's Cove Seaport (Marina, Restaurant & Bar)","300","1 Bostwick Avenue
Bridgeport, Connecticut 06605 United States","Bridgeport","Connecticut",""
"Carlin Park","Carlin Park","0","400 Florida A1A
Jupiter, Florida 33477 United States","Jupiter","Florida",""
"Carolina Orchards","Carolina Orchards","1000","1646 Red Leaf Drive
Fort Mill, South Carolina 29715 United States","Fort Mill","South Carolina",""
"Carolina West Community Commons","Carolina West Community Commons","3200","102 West Main Street
Wilkesboro, North Carolina 28697 United States","Wilkesboro","North Carolina",""
"Carolina West Wireless Community","Carolina West Wireless Community","0","102 West Main Street
Wilkesboro, North Carolina 28697 United States","Wilkesboro","North Carolina",""
"Carpenter Residence","MAIN","0","30 Gardner Road
Duxbury, Massachusetts 02332 United States","Duxbury","Massachusetts",""
"Carteret Performing Arts and Events Center","Carteret Performing Arts and Events Center","0","46 Washington Avenue
Carteret, New Jersey 07008 United States","Carteret","New Jersey",""
"Carteret Speedway & Entertainment Complex ","Carteret Speedway & Entertainment Complex","0","501 Whitehouse Fork Road
Swansboro, North Carolina 28584 United States","Swansboro","North Carolina",""
"Cary Arts Center","Cary Arts Center","431","101 Dry Avenue
Cary, North Carolina 27511 United States","Cary","North Carolina",""
"Casa Larga Vineyards","Casa Larga Vineyards","0","2287 Turk Hill Road
Fairport, New York 14450 United States","Fairport","New York",""
"Cass Cay Restaurant & Bar","Cass Cay Restaurant & Bar","0","3200 Matecumbe Key Road
Punta Gorda, Florida 33955 United States","Punta Gorda","Florida",""
"Castle Rock Park ","Castle Rock Park","3000","2nd Street
Castle Rock, Colorado 80104 United States","Castle Rock","Colorado",""
"Catawba Island Club","Catawba Island Club","0","4235 Beach Club Road
Port Clinton, Ohio 43452 United States","Port Clinton","Ohio","Brittney Searles"
"Centennial Olympic Park","Centennial Olympic Park","1000","265 Park Avenue West Northwest
Atlanta, Georgia 30313 United States","Atlanta","Georgia",""
"Central Connecticut Chambers of Commerce","Muzzy Field","3000","6 Muzzy Street
Bristol, Connecticut 06010 United States","Bristol","Connecticut","Johnny Burnham"
"Central Park Performing Arts Center","Central Park Performing Arts Center","0","105 Central Park Drive
Largo, Florida 33771 United States","Largo","Florida",""
"Central Park Plaza","Central Park Plaza","2000","68 Lafayette Street
Valparaiso, Indiana 46383 United States","Valparaiso","Indiana",""
"Cervantes' Masterpiece Ballroom & Cervantes' Other Side","Cervantes' Masterpiece Ballroom & Cervantes' Other Side","0","2637 Welton Street
Denver, Colorado 80205 United States","Denver","Colorado",""
"Chabad Flamingo","Chabad Flamingo","0","8001 Bathurst Street
Vaughan, Ontario L4J 8L5 Canada","Vaughan","Ontario",""
"Chandler Park","Chandler Park","1000","178 East Commonwealth Avenue
Chandler, Arizona 85225 United States","Chandler","Arizona",""
"Charlemont Reggae Festival ","Fairgrounds","1000","1 Park Street
Charlemont, Massachusetts 01339 United States","Charlemont","Massachusetts",""
"Charles R. Wood Park","Charles R. Wood Park","0","17 West Brook Road
Lake George, New York 12845 United States","Lake George","New York",""
"Charleston Harbor Resort and Marina","Charleston Harbor Resort and Marina","600","40 Patriots Point Road
Mount Pleasant, South Carolina 29464 United States","Mount Pleasant","South Carolina",""
"Charleston Music Hall","Charleston Music Hall","965","37 John Street
Charleston, South Carolina 29403 United States","Charleston","South Carolina",""
"Charlotte Convention Center","Charlotte Convention Center","0","501 South College Street
Charlotte, North Carolina 28202 United States","Charlotte","North Carolina",""
"Chateau Aeronautique Winery & Blue Skies Brewery - Irish Hills","Chateau Aeronautique Winery & Blue Skies Brewery - Irish Hills","0","12000 Pentecost Highway
Onsted, Michigan 49265 United States","Onsted","Michigan",""
"Cheers Bar and Grill","Cheers Bar and Grill","200","103 South Dixie Way
South Bend, Indiana 46637 United States","South Bend","Indiana",""
"Chelmsford Center for the Arts (CCA)","Chelmsford Center for the Arts (CCA)","200","1A North Road
Chelmsford, Massachusetts 01824 United States","Chelmsford","Massachusetts","Lauren Cochran"
"Chelsea Music Hall","Chelsea Music Hall","340","407 West 15th Street
New York, New York 10011 United States","New York","New York",""
"Cherryville Main Street Mini Park","Cherryville Main Street Mini Park","0","200 East Main Street
Cherryville, North Carolina 28021 United States","Cherryville","North Carolina",""
"Chestnut Square Park","Chestnut Square Park","0","320 Chestnut Parkway
Indian Trail, North Carolina 28079 United States","Indian Trail","North Carolina",""
"Chicago Jewish Alliance","Chicago Jewish Alliance","0","4950 Madison Street
Unit 321
Skokie, Illinois 60077 United States","Skokie","Illinois",""
"CHRIS JERICHO'S ROCK 'N' WRESTLING RAGER AT SEA ","Port of Miami","2300","1435 North Cruise Boulevard
Miami, Florida 33132 United States","Miami","Florida",""
"Cisco Brewers Portsmouth ","Cisco Brewers Portsmouth","500","35 Corporate Drive
Portsmouth, New Hampshire 03801 United States","Portsmouth","New Hampshire",""
"Citizen Advocates","Citizen Advocates","750","324 Creighton Road
Malone, New York 12953 United States","Malone","New York",""
"Citrus County Chamber of Commerce","Citrus County Chamber of Commerce","200","915 North Suncoast Boulevard
Crystal River, Florida 34429 United States","Crystal River","Florida",""
"City Green at City Springs","City Green at City Springs","0","1 Galambos Way
Sandy Springs, Georgia 30328 United States","Sandy Springs","Georgia",""
"City Hall Plaza","City Hall Plaza","0","1 City Hall Square
Boston, Massachusetts 02203 United States","Boston","Massachusetts",""
"City of Jersey Village ","City of Jersey Village TX","1000","8502 Rio Grande Street
Jersey Village, Texas 77040 United States","Jersey Village","Texas",""
" City of Lancaster’s California Poppy Festival","City of Lancaster’s California Poppy Festival","10000","2551 West Avenue H
Lancaster, California 93536 United States","Lancaster","California",""
"City of Williamsburg VA","City of Williamsburg VA","4000","4301 New Town Avenue
Williamsburg, Virginia 23188 United States","Williamsburg","Virginia",""
"City of Yucaipa’s Music & Arts Festival","City of Yucaipa’s Music & Arts Festival","2000","12062 California Street
Yucaipa, California 92399 United States","Yucaipa","California",""
"City Winery Atlanta","City Winery Atlanta","400","650 North Avenue Northeast
Atlanta, Georgia 30308 United States","Atlanta","Georgia",""
"City Winery Boston","City Winery Boston","288","80 Beverly Street
Boston, Massachusetts 02114 United States","Boston","Massachusetts",""
"City Winery Chicago","City Winery Chicago","0","1200 West Randolph Street
Chicago, Illinois 60607 United States","Chicago","Illinois",""
"City Winery Hudson Valley","Outdoor Festival Stage","750","23 Factory Street
Montgomery, New York 12549 United States","Montgomery","New York","Grace Blake"
"City Winery Nashville","City Winery Nashville","314","609 Lafayette Street
Nashville, Tennessee 37203 United States","Nashville","Tennessee","JD McCorkle"
"City Winery New York City","City Winery New York City","600","25 11th Avenue
New York, New York 10011 United States","New York","New York",""
"City Winery Philadelphia","City Winery Philadelphia","152","990 Filbert Street
Philadelphia, Pennsylvania 19107 United States","Philadelphia","Pennsylvania",""
"City Winery Pittsburgh","City Winery Pittsburgh","220","1627 Smallman Street
Pittsburgh, Pennsylvania 15222 United States","Pittsburgh","Pennsylvania","Roy Smith"
"City Winery St. Louis","City Winery St. Louis","350","3730 Foundry Way
St. Louis, Missouri 63110 United States","St. Louis","Missouri",""
"Claremont City Park","Claremont City Park","0","3430 East Main Street
Claremont, North Carolina 28610 United States","Claremont","North Carolina",""
"Claremont Opera House","Claremont Opera House","0","58 Opera House Square
Claremont, New Hampshire 03743 United States","Claremont","New Hampshire",""
"Clarksville Fine Arts Center","Clarksville Fine Arts Center","0","914 Virginia Avenue
Clarksville, Virginia 23927 United States","Clarksville","Virginia",""
"Clementine Cafe","Clementine Cafe","0","153 South Main Street
Harrisonburg, Virginia 22801 United States","Harrisonburg","Virginia",""
"Clipper Magazine Stadium (Lancaster Stormers)","Clipper Magazine Stadium (Lancaster Stormers)","0","650 North Prince Street
Lancaster, Pennsylvania 17603 United States","Lancaster","Pennsylvania","Michael Williams"
"Club Envy","Club Envy","0","920 Lake Arrowhead Road
Myrtle Beach, South Carolina 29572 United States","Myrtle Beach","South Carolina",""
"Club LA","Club LA","850","34876 Emerald Coast Parkway
Destin, Florida 32541 United States","Destin","Florida",""
"Club Madrid","Club Madrid","500","1301 West Sunset Road
Henderson, Nevada 89014 United States","Henderson","Nevada",""
"Coach House","Coach House","500","33157 Camino Capistrano
San Juan Capistrano, California 92675 United States","San Juan Capistrano","California",""
"Coach's Corner","Coach's Corner","300","3016 East Victory Drive
Thunderbolt, Georgia 31404 United States","Thunderbolt","Georgia",""
"Coastal Plains Dragway ","Coastal Plains Dragway","0","2421 North Marine Boulevard
Jacksonville, North Carolina 28546 United States","Jacksonville","North Carolina",""
"Cocoa Riverfront Park","Cocoa Riverfront Park","0","401 Riveredge Boulevard
Cocoa, Florida 32922 United States","Cocoa","Florida",""
"Coconino County Fair ","Coconino County Fair","1000","2446 Fort Tuthill Loop
Flagstaff, Arizona 86004 United States","Flagstaff","Arizona",""
"Coe Lake Park Amphitheater ","Coe Lake Park Amphitheater","2000","85 South Rocky River Drive
Berea, Ohio 44017 United States","Berea","Ohio",""
"Cohoes Music Hall","Cohoes Music Hall","450","58 Remsen Street
Cohoes, New York 12047 United States","Cohoes","New York","Owen M Smith"
"Cole Farms","Cole Farms","0","4565 Ohio 19
Bloomville, Ohio 44818 United States","Bloomville","Ohio",""
"Collins Theatre","Collins Theatre","540","120 West Emerson Street
Paragould, Arkansas 72450 United States","Paragould","Arkansas","Jon Fulkerson"
"Colonial Oak Music Park","Colonial Oak Music Park","0","21 Saint George Street
St. Augustine, Florida 32084 United States","St. Augustine","Florida",""
"Colonial Theatre","Colonial Theatre","0","111 South Street
Pittsfield, Massachusetts 01201 United States","Pittsfield","Massachusetts","Nick Paleologos"
"Colonial Theatre Laconia","Colonial Theatre Laconia","0","609 Main Street
Laconia, New Hampshire 03246 United States","Laconia","New Hampshire",""
"Colony Woodstock","Colony Woodstock","0","22 Rock City Road
Woodstock, New York 12498 United States","Woodstock","New York",""
"Columbiana Cultural Collective ","The Main Street Theatre","420","5 North Main Street
Columbiana, Ohio 44408 United States","Columbiana","Ohio",""
"Common Chord | Home of the Redstone Room","Common Chord | Home of the Redstone Room","0","129 Main Street
Davenport, Iowa 52801 United States","Davenport","Iowa",""
"Comporium Amphitheater","Comporium Amphitheater","1000","291 Dairy Barn Lane
Fort Mill, South Carolina 29715 United States","Fort Mill","South Carolina",""
"Concert at the Circles ","milkbread","1000","624 Jetton Street
Davidson, North Carolina 28036 United States","Davidson","North Carolina",""
"Concert on the Green","Concert on the Green","2000","119 South Main Street
Davidson, North Carolina 28036 United States","Davidson","North Carolina",""
"Concert Under The Stars","Concert Under The Stars","0","175 West Valley Forge Road
King of Prussia, Pennsylvania 19406 United States","King of Prussia","Pennsylvania",""
"Concerts in the Park","Central Park","1000","301 T-1113
Cape Charles, Virginia 23310 United States","Cape Charles","Virginia","Christopher Stahl"
"Concerts on the Commons","Concerts on the Commons","3200","102 West Main Street
Wilkesboro, North Carolina 28697 United States","Wilkesboro","North Carolina",""
"Cone Denim Entertainment Center ","Cone Denim Entertainment Center","850","117 South Elm Street
Greensboro, North Carolina 27401 United States","Greensboro","North Carolina",""
"Congregation Shivtei Yeshuron Ezras Israel","Congregation Shivtei Yeshuron Ezras Israel","0","2015 South 4th Street
Philadelphia, Pennsylvania 19148 United States","Philadelphia","Pennsylvania",""
"Conner Prairie","Conner Prairie","0","13400 Allisonville Road
Fishers, Indiana 46038 United States","Fishers","Indiana",""
"Container Concerts","Container Concerts","1000","1072 Spring Hill Ring Road
Dundee Township, Illinois 60118 United States","Dundee Township","Illinois",""
"Cooper Ford","Cooper Ford","0","5292 US 15 501 Highway
Carthage, North Carolina 28327 United States","Carthage","North Carolina",""
"Copp Brewery & Winery","Copp Brewery & Winery","400","7855 West Gulf to Lake Highway
Crystal River, Florida 34429 United States","Crystal River","Florida",""
"Cornerstone Craft Beer & Live Music","Cornerstone Craft Beer & Live Music","0","2367 Shattuck Avenue
Berkeley, California 94704 United States","Berkeley","California",""
"Cornish Fair","Cornish Fair","10000","294 Town House Road
Cornish, New Hampshire 03745 United States","Cornish","New Hampshire","Jennifer Ucci Bossert"
"Coronado Performing Arts Center","Coronado Performing Arts Center","0","314 North Main Street
Rockford, Illinois 61101 United States","Rockford","Illinois",""
"Coshocton County Fairgrounds","Coshocton County Fairgrounds","0","707 Kenilworth Avenue
Coshocton, Ohio 43812 United States","Coshocton","Ohio",""
"Courthouse Center for the Arts","Courthouse Center for the Arts","200","3481 Kingstown Road
South Kingstown, Rhode Island 02892 United States","South Kingstown","Rhode Island",""
"Coushatta Casino Resort","Coushatta Casino Resort","0","777 Coushatta Drive
Kinder, Louisiana 70648 United States","Kinder","Louisiana",""
"Cranmore Mountain Resort","Cranmore Mountain Resort","0","239 Skimobile Road
Conway, New Hampshire 03860 United States","Conway","New Hampshire",""
"Crazy Uncle Mike's","Crazy Uncle Mike's","250","6450 North Federal Highway
Boca Raton, Florida 33487 United States","Boca Raton","Florida",""
"Cresswind Charlotte | Kolter Homes","Cresswind Charlotte | Kolter Homes","250","9304 Cresswind Boulevard
Charlotte, North Carolina 28215 United States","Charlotte","North Carolina",""
"Crimson House NSB","Crimson House NSB","300","219 North Orange Street
New Smyrna Beach, Florida 32168 United States","New Smyrna Beach","Florida",""
"Criterion Theatre","Criterion Theatre","758","35 Cottage Street
Bar Harbor, Maine 04609 United States","Bar Harbor","Maine",""
"Croweville City Hall","Croweville City Hall","300","568 Big Valley Road
Sharps Chapel, Tennessee 37866 United States","Sharps Chapel","Tennessee",""
"Crown Valley Ampitheater ","Crown Valley Ampitheater","800","29751 Crown Valley Parkway
Laguna Niguel, California 92677 United States","Laguna Niguel","California",""
"Crown Valley Park / Laguna Niguel Parks & Recreation","Crown Valley Park / Laguna Niguel Parks & Recreation","0","29751 Crown Valley Parkway
Laguna Niguel, California 92677 United States","Laguna Niguel","California",""
"Cruiser's Hunington Beach ","Cruiser's Hunington Beach","200","210 5th Street
Huntington Beach, California 92648 United States","Huntington Beach","California",""
"Crystal Ballroom","Crystal Ballroom","1500","1332 West Burnside Street
Portland, Oregon 97205 United States","Portland","Oregon",""
"Crystal River City Hall","Crystal River City Hall","300","123 Northwest US-19
Crystal River, Florida 34428 United States","Crystal River","Florida",""
"Cuartel de Ballajá","Cuartel de Ballajá","1000","Calle Beneficencia
San Juan, San Juan 00901 Puerto Rico","San Juan","San Juan",""
"Culpeper Downtown","Culpeper Visitor Center","360","111 Commerce Street
Culpeper, Virginia 22701 United States","Culpeper","Virginia",""
"Cypress","Cypress","0","761 South Virginia Street
Reno, Nevada 89501 United States","Reno","Nevada",""
"Da Playground Maui","da Playground","0","300 Maalaea Road
Wailuku, Hawaii 96793 United States","Wailuku","Hawaii",""
"Damien Zamora Private Event","Damien Zamora Private Event","0","31268 Pauma Heights Road
Valley Center, California 92082 United States","Valley Center","California",""
"Dan O Neal's Home","Dan O Neal's Home","0","1351 West Terra Mar Drive
Pompano Beach, Florida 33062 United States","Pompano Beach","Florida",""
"Dana Center-Koonz Theatre","Dana Center-Koonz Theatre","580","100 Saint Anselm Drive
Manchester, New Hampshire 03102 United States","Manchester","New Hampshire",""
"Danenberger Family Vineyards","Danenberger Family Vineyards","593","12341 Irish Road
New Berlin, Illinois 62670 United States","New Berlin","Illinois",""
"DankHouse Brewing Company","DankHouse Brewing Company","0","161 Forry Street
Newark, Ohio 43055 United States","Newark","Ohio",""
"Daryl's House Club","Daryl's House Club","200","130 New York 22
Pawling, New York 12564 United States","Pawling","New York",""
"David Lenter House","David Lenter House","0","11 Cobblestone Drive
Upper Saddle River, New Jersey 07458 United States","Upper Saddle River","New Jersey",""
"Davis Hill (Private Residence)","Davis Hill Home (Private Residence)","75","156 Davis Hill Road
New London, New Hampshire 03257 United States","New London","New Hampshire",""
"DCU Center","Grand Ballroom","1500","50 Foster Street
Worcester, Massachusetts 01608 United States","Worcester","Massachusetts",""
"Dead Dog Saloon","Dead Dog Saloon","600","4079 U.S. 17 Business
Murrells Inlet, South Carolina 29576 United States","Murrells Inlet","South Carolina",""
"Dead Head Winery","Dead Head Winery","300","300 2nd Street
Monongahela, Pennsylvania 15063 United States","Monongahela","Pennsylvania","Michael Kissling"
"Deane Center-Performing Arts ","Deane Center-Performing Arts","140","104 Main Street
Wellsboro, Pennsylvania 16901 United States","Wellsboro","Pennsylvania",""
"Debauchery","Debauchery","0","807 East New Haven Avenue
Melbourne, Florida 32901 United States","Melbourne","Florida",""
"Decatur Indiana Concert Series","Madison Street Plaza","2000","128 Madison Street
Decatur, Indiana 46733 United States","Decatur","Indiana",""
"Deep Dive","Deep Dive","300","415 Old Taughannock Boulevard
Ithaca, New York 14850 United States","Ithaca","New York",""
"Deep Ellum Art Co.","Deep Ellum Art Co.","500","3200 Commerce Street
Dallas, Texas 75226 United States","Dallas","Texas",""
"Deerfield Event Retreat and Camp","Deerfield Event Retreat and Camp","0","101 Watagnee Trail
Horse Shoe, North Carolina 28742 United States","Horse Shoe","North Carolina",""
"del Lago Resort & Casino","del Lago Resort & Casino","0","1133 New York 414
Waterloo, New York 13165 United States","Waterloo","New York",""
"Del Mar Fairgrounds","Del Mar Fairgrounds","0","2260 Jimmy Durante Boulevard
Del Mar, California 92014 United States","Del Mar","California",""
"Delmar Hall","Delmar Hall","750","6133 Delmar Boulevard
St. Louis, Missouri 63112 United States","St. Louis","Missouri",""
"DENNIS CANNATARO FAMILY SUMMER CONCERT SERIES","THE SMITHTOWN LIBRARY","2000","148 SMITHTOWN RD
NESCONSET, New York 11767 United States","NESCONSET","New York","Julie Delaney"
"Des Plaines Theatre","Des Plaines Theatre","0","1476 Miner Street
Des Plaines, Illinois 60016 United States","Des Plaines","Illinois","Ron Onesti"
"Dharma Bums","Dharma Bums","0","4935 River Road
New Hope, Pennsylvania 18938 United States","New Hope","Pennsylvania",""
"Di Paolo's Italian Ristorante","Di Paolo's Italian Ristorante","200","28 Broad Street
Penns Grove, New Jersey 08069 United States","Penns Grove","New Jersey",""
"Diamond Ballroom","Diamond Ballroom","0","8001 South Eastern Avenue
Oklahoma City, Oklahoma 73149 United States","Oklahoma City","Oklahoma",""
"Dick Taylor Plaza","Dick Taylor Plaza","2000","219 North Elm Street
Lumberton, North Carolina 28358 United States","Lumberton","North Carolina",""
"Diesel","Diesel","500","33151 23 Mile Road
New Baltimore, Michigan 48047 United States","New Baltimore","Michigan",""
"Dillon Amphitheater","Dillon Amphitheater","0","135 Lodgepole Street
Dillon, Colorado 80435 United States","Dillon","Colorado",""
"Discovery Park","Discovery Park","0","5300 Discovery Park Boulevard
Williamsburg, Virginia 23188 United States","Williamsburg","Virginia",""
"District 142 - Live Music & Event Venue","District 142 - Live Music & Event Venue","0","142 Maple Street
Wyandotte, Michigan 48192 United States","Wyandotte","Michigan",""
"District Live at Plant Riverside District","District Live at Plant Riverside District","439","400 West River Street
Savannah, Georgia 31401 United States","Savannah","Georgia",""
"DJ's Restaurant","DJ's Restaurant","0","1502 West Innes Street
Salisbury, North Carolina 28144 United States","Salisbury","North Carolina",""
"Dock Brown's on Saratoga Lake","Dock Brown's on Saratoga Lake","0","511 New York 9P
Saratoga Springs, New York 12866 United States","Saratoga Springs","New York",""
"Dogfish Head Brewing & Eats","Dogfish Head Brewing & Eats","200","320 Rehoboth Avenue
Rehoboth Beach, Delaware 19971 United States","Rehoboth Beach","Delaware","Chris Lausch"
"Dorflinger-Suydam Wildlife Sanctuary","Wildflower Concert Series","0","55 Suydam Drive
Honesdale, Pennsylvania 18431 United States","Honesdale","Pennsylvania",""
"Dover Parks & Recreation Office","Dover Parks & Recreation Office","500","2421 North Wooster Avenue
Dover, Ohio 44622 United States","Dover","Ohio",""
"Down on Main Princeton Summer Concert Series","Down on Main Princeton Summer Concert Series","0","435 South Main Street
Princeton, Illinois 61356 United States","Princeton","Illinois",""
"Downtown Canton First Friday","Downtown Canton First Friday","4000","130 East Main Street
Canton, Georgia 30114 United States","Canton","Georgia",""
"Downtown Commons / City Of Clarksville TN","Downtown Commons / City Of Clarksville TN","0","1 Millenium Plaza
Clarksville, Tennessee 37040 United States","Clarksville","Tennessee",""
"Downtown Glendale Murphy Park","Downtown Glendale Murphy Park","0","5800 West Glenn Drive
Glendale, Arizona 85301 United States","Glendale","Arizona",""
"Downtown Las Vegas Events Center","Downtown Las Vegas Events Center","0","200 South 3rd Street
Las Vegas, Nevada 89101 United States","Las Vegas","Nevada",""
"Downtown New Port Richey Stage","Downtown New Port Richey Stage","0","4422 Grand Boulevard
New Port Richey, Florida 34652 United States","New Port Richey","Florida",""
"Downtown Pawleys Live","Downtown Pawleys Live","600","10659 Ocean Highway
Pawleys Island, South Carolina 29585 United States","Pawleys Island","South Carolina",""
"Dr Pepper Park","Dr Pepper Park","2700","9 Old Whitmore Avenue
Roanoke, Virginia 24016 United States","Roanoke","Virginia",""
"Drai's Beachclub & Nightclub","Drai's Beachclub & Nightclub","0","3595 South Las Vegas Boulevard
Las Vegas, Nevada 89109 United States","Las Vegas","Nevada",""
"Drumroll Stage & Sushi Pub","Drumroll Stage","300","86 Court Street
Geneseo, New York 14454 United States","Geneseo","New York",""
"Duke Energy Center for the Arts - Mahaffey Theater","Duke Energy Center for the Arts - Mahaffey Theater","2000","400 1st Street South
St. Petersburg, Florida 33701 United States","St. Petersburg","Florida",""
"Dunedin Brewery","Dunedin Brewery","0","937 Douglas Avenue
Dunedin, Florida 34698 United States","Dunedin","Florida",""
"Dunellen Theatre","Dunellen Theatre","225","458 North Avenue
Dunellen, New Jersey 08812 United States","Dunellen","New Jersey",""
"Durgin Hall","Durgin Hall","900","35 Wilder Street
Lowell, Massachusetts 01854 United States","Lowell","Massachusetts",""
"Durty Nellie's","Durty Nellie's","700","180 North Smith Street
Palatine, Illinois 60067 United States","Palatine","Illinois",""
"Eagles Theatre","Eagles Theatre","0","106 West Market Street
Wabash, Indiana 46992 United States","Wabash","Indiana",""
"Earl and Rachel Smith Strand Theatre","Earl and Rachel Smith Strand Theatre","0","117 North Park Square
Marietta, Georgia 30060 United States","Marietta","Georgia",""
"East Coast Sturgis Motorcycle (Apple Mountain) ","East Coast Sturgis Motorcycle (Apple Mountain)","0","31307 Oldtown Orleans Road Southeast
Little Orleans, Maryland 21766 United States","Little Orleans","Maryland",""
"Ebony Golf Course","Ebony Golf Course","8000","300 West Palm Drive
Edinburg, Texas 78539 United States","Edinburg","Texas",""
"Eden Roc Hotel Miami Beach","Eden Roc Hotel Miami Beach","1000","4525 Collins Avenue
Miami Beach, Florida 33140 United States","Miami Beach","Florida",""
"Edna Boykin Cultural Center","Edna Boykin Cultural Center","599","108 Nash Street
Wilson, North Carolina 27893 United States","Wilson","North Carolina",""
"Egyptian Theatre","Egyptian Theatre","1400","135 North 2nd Street
DeKalb, Illinois 60115 United States","DeKalb","Illinois","Alex Nerad"
"Ehinger Summer Party","Ehinger Summer Party","0","949 East Avenue
Mantoloking, New Jersey 08738 United States","Mantoloking","New Jersey",""
"Eichelberger Performing Arts Center","Eichelberger Performing Arts Center","700","195 Stock Street
Hanover, Pennsylvania 17331 United States","Hanover","Pennsylvania",""
"El Corazon","El Corazon","0","109 Eastlake Avenue East
Seattle, Washington 98109 United States","Seattle","Washington",""
"Electric Haze","Electric Haze","244","26 Millbury Street
Worcester, Massachusetts 01610 United States","Worcester","Massachusetts",""
"Electric Tequila","Electric Tequila","300","1720 Battleground Avenue
Greensboro, North Carolina 27408 United States","Greensboro","North Carolina",""
"Elevation 27","Elevation 27","652","600 Nevan Road
Virginia Beach, Virginia 23451 United States","Virginia Beach","Virginia",""
"Elks Lodge ","Elks Lodge","0","2268 Trawood Drive
El Paso, Texas 79935 United States","El Paso","Texas",""
"Elkton Music Hall","Elkton Music Hall","280","107 North Street
Elkton, Maryland 21921 United States","Elkton","Maryland",""
"Ellie Ray's RV Resort","Ellie Ray's RV Resort","0","3349 Northwest 110th Street
Branford, Florida 32008 United States","Branford","Florida",""
"Elsinore Theatre ","Elsinore Theatre","1290","170 High Street Southeast
Salem, Oregon 97301 United States","Salem","Oregon",""
"Ember Music Hall","Ember Music Hall","0","309 East Broad Street
Richmond, Virginia 23219 United States","Richmond","Virginia",""
"Emelin Theatre","Emelin Theatre","250","153 Library Lane
Mamaroneck, New York 10543 United States","Mamaroneck","New York","David Bander"
"Emerald Bay Community Association","Emerald Bay Community Association","0","600 Emerald Bay
Laguna Beach, California 92651 United States","Laguna Beach","California",""
"Emerald Theatre","Emerald Theatre","0","31 North Walnut Street
Mount Clemens, Michigan 48043 United States","Mount Clemens","Michigan",""
"Emory & Henry College","Emory & Henry College","0","30461 Garnand Drive
Emory, Virginia 24327 United States","Emory","Virginia",""
"Empire Control Room & Garage","Empire Control Room & Garage","0","606 East 7th Street
Austin, Texas 78701 United States","Austin","Texas",""
"Empire Live","Empire Live","0","93 North Pearl Street
Albany, New York 12207 United States","Albany","New York",""
"EPIC Event Center","EPIC Event Center","0","2351 Holmgren Way
Ashwaubenon, Wisconsin 54304 United States","Ashwaubenon","Wisconsin",""
"Erie Canal Park","Erie Canal Park","3000","5641 Marina Drive
Dayton, Ohio 45449 United States","Dayton","Ohio",""
"Essex","Essex","0","1048 University Avenue
Rochester, New York 14607 United States","Rochester","New York",""
"Estramonte Home ","Estramonte Home","800","2321 Mecklenburg Ave
Charlotte, North Carolina 28205 United States","Charlotte","North Carolina ",""
"Eventfest Gasparilla Festival & Parade ","Eventfest Gasparilla Festival & Parade","1000","1200 West Cass Street
Tampa, Florida 33606 United States","Tampa","Florida",""
"Evermore Orlando Resort","Evermore Orlando Resort","0","1590 Evermore Way
Orlando, Florida 32836 United States","Orlando","Florida",""
"Exit In Nashville","Exit/In","500","2208 Elliston Place
Nashville, Tennessee 37203 United States","Nashville","Tennessee",""
"Expo Center of Taylor County","Expo Center of Taylor County","0","1700 Texas 36
Abilene, Texas 79602 United States","Abilene","Texas",""
"Fairgrounds Courts","Fairgrounds Courts","800","255 Franklin Street
Spartanburg, South Carolina 29303 United States","Spartanburg","South Carolina",""
"Fairlee Town Hall","Fairlee Town Hall","0","75 Town Common Road
Fairlee, Vermont 05045 United States","Fairlee","Vermont",""
"Fairplex","Fairplex","1000","1101 West McKinley Avenue
Pomona, California 91768 United States","Pomona","California",""
"Fairwood Lanes","Fairwood Lanes","200","201 Old Farm Road South
Roanoke Rapids, North Carolina 27870 United States","Roanoke Rapids","North Carolina",""
"Fallapalooza","Fallapalooza","0","107 West Main Street
Lexington, South Carolina 29072 United States","Lexington","South Carolina",""
"Fallston Barrel House","Fallston Barrel House","350","2403 Belair Road
Fallston, Maryland 21047 United States","Fallston","Maryland",""
"Fame Auto Group ","Fame Auto Group","150","599a East 56th Street
Brooklyn, New York 11203 United States","Brooklyn","New York",""
"Farm Brew LIVE","Farm Brew LIVE","0","9901 Discovery Boulevard
Manassas, Virginia 20109 United States","Manassas","Virginia",""
"Farm Brew LIVE","Farm Brew LIVE","0","9901 Discovery Boulevard
Manassas, Virginia 20109 United States","Manassas","Virginia",""
"Feinstein's at Hotel Carmichael","Feinstein's at Hotel Carmichael","0","1 Carmichael Square
Carmel, Indiana 46032 United States","Carmel","Indiana",""
"Felton Music Hall","Felton Music Hall","350","6275 Highway 9
Felton, California 95018 United States","Felton","California",""
"Festival in the Park Charlotte","Freedom Park Band Shell","10000","1900 East Boulevard
Charlotte, North Carolina 28203 United States","Charlotte","North Carolina","Randy Franklin"
"Filthy's Fine Cocktails & Beer","Filthy's Fine Cocktails & Beer","0","1238 16th Street
Vero Beach, Florida 32960 United States","Vero Beach","Florida",""
"Fire Betty's Arcade Bar","Fire Betty's Arcade Bar","0","1122 Thomasville Road
Tallahassee, Florida 32303 United States","Tallahassee","Florida",""
"Fireside Grille","Fireside Grille","0","30 Bedford Street
Middleborough, Massachusetts 02346 United States","Middleborough","Massachusetts","Michael Dearing"
"First Friday in Milledgeville - Deep Roots Main Stage Lot ","First Friday in Milledgeville - Deep Roots Main Stage Lot","1000","114 East Hancock Street
Milledgeville, Georgia 31061 United States","Milledgeville","Georgia",""
"First Fridays at Downtown Roanoke ","First Fridays at Downtown Roanoke","1000","106 Franklin Road Southeast
Roanoke, Virginia 24011 United States","Roanoke","Virginia",""
"Fish Co.","Fish Co.","100","15 Bridge Street
Providence, Rhode Island 02903 United States","Providence","Rhode Island",""
"Fitzgerald Pillars Pub","Fitzgerald Pillars Pub Outside Stage","350","105 East Roanoke Drive
Fitzgerald, Georgia 31750 United States","Fitzgerald","Georgia","Hal Wiley"
"Fitzgerald's Bar & Live Music Venue","Fitzgerald's Bar & Live Music Venue","0","437 McCarty Road
San Antonio, Texas 78216 United States","San Antonio","Texas",""
"Five Points (Columbia)","Five Points (Columbia)","0","2098 Greene Street
Columbia, South Carolina 29205 United States","Columbia","South Carolina",""
"Five Points Plaza","Five Points Plaza","9000","500 Evans Street
Greenville, North Carolina 27858 United States","Greenville","North Carolina",""
"Five Wits Brewing Company","Five Wits Brewing Company","0","1501 Long Street
Chattanooga, Tennessee 37408 United States","Chattanooga","Tennessee",""
"Florida State Fair ","Florida State Fair","5000","9067 Southern Boulevard
West Palm Beach, Florida 33411 United States","West Palm Beach","Florida",""
"Floridian Social Club","Floridian Social Club","800","687 Central Avenue North
St. Petersburg, Florida 33701 United States","St. Petersburg","Florida",""
"Flour City Station","Flour City Station","300","170 East Avenue
Rochester, New York 14604 United States","Rochester","New York","Matt Green"
"Flying Bridge Restaurant","Flying Bridge Ballroom","500","220 Scranton Avenue
Falmouth, Massachusetts 02540 United States","Falmouth","Massachusetts",""
"Flynn's Fire Island","Flynn's Fire Island","0","1 Cayuga Street
Fire Island, New York 11770 United States","Fire Island","New York",""
"Fogg Street Lawn Club","Fogg Street Lawn Club","1200","648 Fogg Street
Nashville, Tennessee 37203 United States","Nashville","Tennessee",""
"Fontana Summer Concert Series","Miller Park Amphitheater","5000","17002 Arrow Boulevard
Fontana, California 92335 United States","Fontana","California",""
"Foothills Performing Arts & Civic Center ","Foothills Performing Arts & Civic Center","0","24 Market Street
Oneonta, New York 13820 United States","Oneonta","New York",""
"FOrX Summer Stage","FOrX Summer Stage","1000","11268 State Route 21
Wayland, New York 14572 United States","Wayland","New York",""
"Four States Fair","Four States Fair","2000","3700 East 50th Street
Texarkana, Arkansas 71854 United States","Texarkana","Arkansas",""
"Frederica Golf Club","Frederica Golf Club","0","100 Pike's Bluff Drive
St. Simons Island, Georgia 31522 United States","St. Simons Island","Georgia",""
"Free Range Brewing","Free Range Brewing","1500","2320 North Davidson Street
Charlotte, North Carolina 28205 United States","Charlotte","North Carolina",""
"Freeman Arts Pavilion","Freeman Arts Pavilion","3200","31806 Lake View Drive
Selbyville, Delaware 19975 United States","Selbyville","Delaware",""
"Fremont Theater","Fremont Theater","0","1035 Monterey Street
San Luis Obispo, California 93401 United States","San Luis Obispo","California",""
"Frenchy's Rockaway Grill","Frenchy's Rockaway Grill","0","7 Rockaway Street
Clearwater, Florida 33767 United States","Clearwater","Florida",""
"Frenchy's Stone Crab and Seafood Market","Frenchy's Stone Crab and Seafood Market","0","501 Causeway Boulevard
Dunedin, Florida 34698 United States","Dunedin","Florida",""
"Friday Night Live (Downtown Rutland)","Friday Night Live (Downtown Rutland)","1000","52 Washington Street
Rutland, Vermont 05701 United States","Rutland","Vermont",""
"Friday Night Live Belmont NC","Friday Night Live Belmont NC","1000","24 South Main Street
Belmont, North Carolina 28012 United States","Belmont","North Carolina",""
"Fripp Island Golf & Beach Resort","Fripp Island Golf & Beach Resort","300","300 Tarpon Boulevard
Fripp Island, South Carolina 29920 United States","Fripp Island","South Carolina","Colleen Jaeger"
"Frog Alley Brewing ","Frog Alley Brewing","1000","108 State Street
Schenectady, New York 12305 United States","Schenectady","New York",""
"Fryeburg Fair","Fryeburg Fair","0","1154 Main Street
Fryeburg, Maine 04037 United States","Fryeburg","Maine",""
"Fuel Room","Impact Fuel Room","613","481 Peterson Road
Libertyville, Illinois 60048 United States","Libertyville","Illinois",""
"Full Circle Brewing ","Full Circle Brewing","350","4323 North 7th Street
Fresno, California 93726 United States","Fresno","California",""
"Fulton 55","Fulton 55","0","875 Divisadero Street
Fresno, California 93721 United States","Fresno","California",""
"Funk n Waffles","Funk n Waffles","200","307-13 South Clinton Street
Syracuse, New York 13202 United States","Syracuse","New York","Charley Orlando"
"Fuquay-Varina Arts Center","Fuquay-Varina Arts Center","286","123 East Vance Street
Fuquay-Varina, North Carolina 27526 United States","Fuquay-Varina","North Carolina",""
"Gabis Arboretum at Purdue Northwest","Gabis Arboretum at Purdue Northwest","300","450 West 100 North
Valparaiso, Indiana 46385 United States","Valparaiso","Indiana",""
"Gallery 85","Gallery 85","300","6 Whitlee Court
Greenville, South Carolina 29607 United States","Greenville","South Carolina",""
"Galway Downs ","Galway Downs","0","38801 Los Corralitos Road
Temecula, California 92592 United States","Temecula","California",""
"GARDEN AMP","GARDEN AMP","0","12762 Main Street
Garden Grove, California 92840 United States","Garden Grove","California",""
"GARDEN AMP","GARDEN AMP","850","12762 Main Street
Garden Grove, California 92840 United States","Garden Grove","California",""
"Garrett Farms","Main Stage","1000","4331 Barley Drive
Salem, Virginia 24153 United States","Salem","Virginia",""
"Gas City Performing Arts Center","Gas City Performing Arts Center","0","100 Auditorium Dr
Gas City, Indiana 46933 United States","Gas City","Indiana",""
"Gas Light Social","Gas Light Social","500","314 West Midwest Avenue
Casper, Wyoming 82601 United States","Casper","Wyoming",""
"Gas South Theater","Gas South Theater","0","6400 Sugarloaf Parkway
Duluth, Georgia 30097 United States","Duluth","Georgia",""
"Gaslamp","Gaslamp","0","6251 California 1
Long Beach, California 90803 United States","Long Beach","California",""
"Geauga Theater Community Arts Center","Geauga Theater Community Arts Center","0","101 Water Street
Chardon, Ohio 44024 United States","Chardon","Ohio",""
"Gem Theatre","Gem Theatre","0","114 North Wall Street
Calhoun, Georgia 30701 United States","Calhoun","Georgia",""
"Genesee Brew House","Genesee Brew House","100","25 Cataract Street
Rochester, New York 14605 United States","Rochester","New York",""
"Genesee Construction Services Inc","Genesee Construction Services Inc","300","7673 Groveland Station Road
Groveland Station, New York 14462 United States","Groveland Station","New York",""
"Gervasi Vineyard","Gervasi Vineyard","300","1700 55th Street Northeast
Canton, Ohio 44721 United States","Canton","Ohio",""
"Gilbert Regional Park","Gilbert Regional Park","2000","3005 East Queen Creek Road
Gilbert, Arizona 85298 United States","Gilbert","Arizona",""
"Gill Dawgs","Gill Dawgs","600","5419 Treadway Drive
Port Richey, Florida 34668 United States","Port Richey","Florida",""
"Glass Cactus","Glass Cactus","1500","1501 Gaylord Trail
Grapevine, Texas 76051 United States","Grapevine","Texas",""
"Glen Oaks Country Club","Glen Oaks Country Club","0","1401 Glen Oaks Drive
West Des Moines, Iowa 50266 United States","West Des Moines","Iowa",""
"Glendoveers","Glendoveers Event Space","0","2328 Old Browncroft Boulevard
Rochester, New York 14625 United States","Rochester","New York",""
"Golden Nugget Atlantic City Hotel, Casino & Marina (The Wave)","Golden Nugget Atlantic City Hotel, Casino & Marina (The Wave)","0","600 Huron Avenue
Atlantic City, New Jersey 08401 United States","Atlantic City","New Jersey",""
"Goldfield - Roseville","Goldfield - Roseville","0","238 Vernon Street
Roseville, California 95678 United States","Roseville","California",""
"Goldfield Trading Post","Goldfield Trading Post","0","1630 J Street
Sacramento, California 95814 United States","Sacramento","California",""
"Goochland Sports Complex","Goochland Sports Complex","0","1800 Sandy Hook Road
Goochland, Virginia 23063 United States","Goochland","Virginia",""
"Gordon Lee Mansion","Gordon Lee Mansion","0","217 Cove Road
Chickamauga, Georgia 30707 United States","Chickamauga","Georgia",""
"Grafton Street Pub","Grafton Street Pub","1250","7055 County Road 46A
Lake Mary, Florida 32746 United States","Lake Mary","Florida",""
"Granada Theater","Granada Theater","0","3524 Greenville Avenue
Dallas, Texas 75206 United States","Dallas","Texas",""
"Granada Theater ","Granada","900","1020 Massachusetts Street
Lawrence, Kansas 66044 United States","Lawrence","Kansas",""
"Grange Park","Grange Park","0","360 Grange Road
Allentown, Pennsylvania 18106 United States","Allentown","Pennsylvania",""
"Grange Park","Grange Park","0","360 Grange Road
Allentown, Pennsylvania 18106 United States","Allentown","Pennsylvania",""
"Gratwick Waterfront Park","Gratwick Waterfront Park","2000","1300 River Road
North Tonawanda, New York 14120 United States","North Tonawanda","New York",""
"Gravity Check Saloon and Arena","Gravity Check Saloon and Arena","0","3979 Bandera Highway
Kerrville, Texas 78028 United States","Kerrville","Texas",""
"Greece Town Hall","Greece Town Hall Pavilion","0","1 Vince Tofany Boulevard
Rochester, New York 14612 United States","Rochester","New York",""
"Greek Bros. Oyster Bar & Grill","Greek Bros. Oyster Bar & Grill","0","133 South Mechanic Street
El Campo, Texas 77437 United States","El Campo","Texas","George Matthew Charkalis"
"Greenfield Lake Amphitheater","Greenfield Lake Amphitheater","1400","1941 Amphitheatre Drive
Wilmington, North Carolina 28401 United States","Wilmington","North Carolina",""
"Greensboro Country Club","Greensboro Country Club","300","410 Sunset Drive
Greensboro, North Carolina 27408 United States","Greensboro","North Carolina",""
"Greenville Toyota Amphitheater","Greenville Toyota Amphitheater","3500","105 East 1st Street
Greenville, North Carolina 27858 United States","Greenville","North Carolina",""
"Greg Rowles Legacy Theatre","Greg Rowles Legacy Theatre","0","701 Main Street
North Myrtle Beach, South Carolina 29582 United States","North Myrtle Beach","South Carolina","Robert Whelchel"
"Greyhound Tavern","Greyhound Tavern","0","220 Southwest 2nd Avenue
Albany, Oregon 97321 United States","Albany","Oregon",""
"Grizzly's","Grizzly's","0","5 Village Lodge Road
Stratton, Vermont 05155 United States","Stratton","Vermont",""
"Ground Zero","Ground Zero","300","3052 Howard Street
Spartanburg, South Carolina 29303 United States","Spartanburg","South Carolina",""
"Ground Zero Blues Club Biloxi","Ground Zero Blues Club Biloxi","0","814 Howard Avenue
Biloxi, Mississippi 39530 United States","Biloxi","Mississippi",""
"Hailstone Campground","Hailstone Campground","300","515 Utah 319
Heber City, Utah 84032 United States","Heber City","Utah",""
"Halo Bar and Grill","Halo Bar and Grill","0","1538 North Broad Street
Tazewell, Tennessee 37879 United States","Tazewell","Tennessee",""
"Hampton Beach Casino Ballroom","Hampton Beach Casino Ballroom","0","169 Ocean Boulevard
Hampton, New Hampshire 03842 United States","Hampton","New Hampshire",""
"Hangar 18","Hangar 18","370","1112 Maine Street
Windsor, Illinois 61957 United States","Windsor","Illinois",""
"Hangar 1819","Hangar 1819","0","1819 Spring Garden Street
Greensboro, North Carolina 27403 United States","Greensboro","North Carolina",""
"Hanover Square","Hanover Square","320","125 East Water Street
Syracuse, New York 13202 United States","Syracuse","New York",""
"Harbour Ridge Yacht & Country Club","Harbour Ridge Yacht & Country Club","0","12600 Harbour Ridge Boulevard
Palm City, Florida 34990 United States","Palm City","Florida",""
"Hard Rock Cafe","Hard Rock Cafe","350","230 West Station Square Drive
Pittsburgh, Pennsylvania 15219 United States","Pittsburgh","Pennsylvania",""
"Hard Rock Casino Northern Indiana","Hard Rock Casino Northern Indiana","0","5400 West 29th Avenue
Gary, Indiana 46406 United States","Gary","Indiana",""
"Hard Rock Hotel Daytona Beach","Hard Rock Hotel Daytona Beach","550","918 North Atlantic Avenue
Daytona Beach, Florida 32118 United States","Daytona Beach","Florida",""
"Hard Rock Riviera Maya","Hard Rock Riviera Maya","1200","Puerto Aventuras, Quintana Roo 77710 Mexico","Puerto Aventuras","Quintana Roo",""
"Hard Rock Sioux City - Anthem","Hard Rock Sioux City - Anthem","850","111 3rd Street
Sioux City, Iowa 51101 United States","Sioux City","Iowa",""
"Hard Times Cafe - Fredericksburg","Hard Times Cafe - Fredericksburg","465","10760 Patriot Highway
Fredericksburg, Virginia 22408 United States","Fredericksburg","Virginia",""
"Hardy Family Automotive Ampitheatre","Hardy Family Automotive Ampitheatre","0","4485 Pineview Drive
Powder Springs, Georgia 30127 United States","Powder Springs","Georgia",""
"Hardywood Park Craft Brewery - West Creek","Barrel Room, Hardywood Park Craft Brewery - West Creek","2450","820 Sanctuary Trail Drive
Richmond, Virginia 23238 United States","Richmond","Virginia","Justin Paciocco, Paige Kinder"
"Harefest","Harefest","5000","694 Northeast 4th Avenue
Canby, Oregon 97013 United States","Canby","Oregon",""
"Hargray Capitol Theatre","Hargray Capitol Theatre","682","382 2nd Street
Macon, Georgia 31201 United States","Macon","Georgia",""
"Harley-Davidson of Greenville","Harley-Davidson of Greenville","0","30 Chrome Drive
Greenville, South Carolina 29615 United States","Greenville","South Carolina",""
"Harlow's","Harlow's","0","2708 J Street
Sacramento, California 95816 United States","Sacramento","California",""
"Harmony In The Woods","Harmony In The Woods","200","19 Imagination Way
Hawley, Pennsylvania 18428 United States","Hawley","Pennsylvania",""
"Harper's","Harper's","500","2 Lea Avenue
Nashville, Tennessee 37210 United States","Nashville","Tennessee",""
"Harrisburg Midtown Arts Center","Stage on Herr","0","1110 North 3rd Street
Harrisburg, Pennsylvania 17102 United States","Harrisburg","Pennsylvania",""
"Harrisburg Park","Harrisburg Park","0","191 Sims Parkway
Harrisburg, North Carolina 28075 United States","Harrisburg","North Carolina",""
"Harvester Performance Center","Harvester Performance Center","0","450 Franklin Street
Rocky Mount, Virginia 24151 United States","Rocky Mount","Virginia",""
"Haute Spot","Haute Spot","0","1501 East New Hope Drive
Cedar Park, Texas 78641 United States","Cedar Park","Texas",""
"Havasu Concert Lounge ","Havasu Concert Lounge","220","1519 Queens Bay
Lake Havasu City, Arizona 86403 United States","Lake Havasu City","Arizona",""
"Haw River Ballroom","Haw River Ballroom","0","1711 Saxapahaw-Bethlehem Church Road
Saxapahaw, North Carolina 27340 United States","Saxapahaw","North Carolina",""
"Hawaiian Brian’s ","Hawaiian Brian’s","0","1680 Kapiolani Boulevard
Honolulu, Hawaii 96814 United States","Honolulu","Hawaii",""
"Hawks and Reed Performing Arts Center","Hawks and Reed Performing Arts Center","420","289 Main Street
Greenfield, Massachusetts 01301 United States","Greenfield","Massachusetts",""
"Hazel Ruby McQuain Park","Hazel Ruby McQuain Park","1000","185 Garrett Street
Morgantown, West Virginia 26501 United States","Morgantown","West Virginia",""
"Hendricks Live","Hendricks Live","0","200 West Main Street
Plainfield, Indiana 46168 United States","Plainfield","Indiana",""
"Hensville Park","Hensville Park","9000","319 North St Clair Street
Toledo, Ohio 43604 United States","Toledo","Ohio",""
"Heritage Center Outdoor Stage ","Heritage Center Outdoor Stage","2000","257 Standard Street
Elkin, North Carolina 28621 United States","Elkin","North Carolina",""
"Hershey Towne Square","Hershey Towne Square","0","West Chocolate Avenue
Hershey, Pennsylvania 17033 United States","Hershey","Pennsylvania",""
"Hi Dive","Hi Dive","450","210 Southwest 2nd Avenue
Gainesville, Florida 32601 United States","Gainesville","Florida",""
"HI-FI Indy & HI-FI Annex","HI-FI Indy & HI-FI Annex","0","1043 Virginia Avenue
Indianapolis, Indiana 46203 United States","Indianapolis","Indiana",""
"High Dive","High Dive","350","210 Southwest 2nd Avenue
Gainesville, Florida 32601 United States","Gainesville","Florida",""
"High Dive","High Dive","0","513 North 36th Street
Seattle, Washington 98103 United States","Seattle","Washington",""
"High Noon Saloon","High Noon Saloon","400","701 East Washington Avenue
Madison, Wisconsin 53703 United States","Madison","Wisconsin",""
"High Stakes Harley-Davidson","High Stakes Harley-Davidson","1200","8025 Action Boulevard
Florence, Kentucky 41042 United States","Florence","Kentucky",""
"Higher Ground","Club Room, Higher Ground","1050","1214 Williston Road
South Burlington, Vermont 05403 United States","South Burlington","Vermont",""
"Highpoint Events","Highpoint Events","0","3321 Old US Highway 421
Greensburg, Indiana 47240 United States","Greensburg","Indiana",""
"Hill Country Live","Hill Country Live","0","30 West 26th Street
New York, New York 10010 United States","New York","New York",""
"Hilliard's Station Park","Hilliard's Station Park","0","4021 Main Street
Hilliard, Ohio 43026 United States","Hilliard","Ohio",""
"Hilton Exempts ","Hilton Exempts","2000","120 Old Hojack Lane
Hilton, New York 14468 United States","Hilton","New York",""
"Hilton Norfolk The Main","Hilton Norfolk The Main","0","100 East Main Street
Norfolk, Virginia 23510 United States","Norfolk","Virginia",""
"Hilton Orlando Buena Vista Palace Disney Springs Area","Hilton Orlando Buena Vista Palace Disney Springs Area","2000","1900 East Buena Vista Drive
Lake Buena Vista, Florida 32830 United States","Lake Buena Vista","Florida",""
"Hippie Fest","Hippie Fest","1000","937 Old Willis School Road
Dallas, North Carolina 28034 United States","Dallas","North Carolina",""
"Historic Palace Theatre","Historic Palace Theatre","350","305 Mason Avenue
Cape Charles, Virginia 23310 United States","Cape Charles","Virginia",""
"Historic Park Theatre and Event Center","Historic Park Theatre and Event Center","1000","848 Park Avenue
Cranston, Rhode Island 02910 United States","Cranston","Rhode Island",""
"Hog Heaven","Hog Heaven","0","1290 West High Avenue
New Philadelphia, Ohio 44663 United States","New Philadelphia","Ohio",""
"Hog's Hollow Saloon","Hog's Hollow Saloon","300","1459 Pennsylvania 93
Berwick, Pennsylvania 18603 United States","Berwick","Pennsylvania",""
"HOLLISTER CONCERTS","HOLLISTER CONCERTS","0","500 John Smith Road
Hollister, California 95023 United States","Hollister","California",""
"Holly Springs Cultural Center","Holly Springs Cultural Center","184","300 West Ballentine Street
Holly Springs, North Carolina 27540 United States","Holly Springs","North Carolina","Kevin Miller"
"Hollywood Casino","Hollywood Casino at Penn National Race Course","450","777 Hollywood Boulevard
Grantville, Pennsylvania 17028 United States","Grantville","Pennsylvania",""
"Hollywood Casino Lawrenceburg IN","Hollywood Casino Lawrenceburg IN","0","777 Hollywood Boulevard
Lawrenceburg, Indiana 47025 United States","Lawrenceburg","Indiana",""
"Hollywood Casino Toledo","Hollywood Casino Toledo","500","1968 Miami Street
Toledo, Ohio 43605 United States","Toledo","Ohio",""
"Homestead Bar & Kitchen","Homestead Bar & Kitchen","600","10 Dehart Street
Morristown, New Jersey 07960 United States","Morristown","New Jersey",""
"Homesteads for Hope - Community Farm","Homesteads for Hope - Community Farm","0","2185 Manitou Road
Rochester, New York 14606 United States","Rochester","New York",""
"Honey's Bar & Grill","Honey's Bar & Grill","250","401 South 9th Street
Terre Haute, Indiana 47807 United States","Terre Haute","Indiana",""
"Honi Honi Bar","Honi Honi Bar","100","19745 Garrett Highway
Oakland, Maryland 21550 United States","Oakland","Maryland","Mike Smith"
"Hooligans Live","Hooligans Live","1000","2620 Onslow Drive
Jacksonville, North Carolina 28540 United States","Jacksonville","North Carolina",""
"Hop Springs","Hop Springs","425","6790 John Bragg Highway
Murfreesboro, Tennessee 37127 United States","Murfreesboro","Tennessee",""
"Horseshoe Tavern","Horseshoe Tavern","400","370 Queen Street West
Toronto, Ontario M5V 2A2 Canada","Toronto","Ontario",""
"Hot Tamale Mexican Grill & Bar","Hot Tamale Mexican Bar","0","39 New Haven Road
Seymour, Connecticut 06483 United States","Seymour","Connecticut",""
"House of Blues Anaheim","House of Blues Anaheim","0","400 Disney Way
Anaheim, California 92802 United States","Anaheim","California",""
"House of Blues Chicago","House of Blues Chicago","1250","329 North Dearborn Street
Chicago, Illinois 60654 United States","Chicago","Illinois",""
"House of Blues Cleveland","House of Blues Cleveland","1300","308 Euclid Avenue
Cleveland, Ohio 44114 United States","Cleveland","Ohio",""
"House of Blues Houston","House of Blues Houston","1200","1204 Caroline Street
Houston, Texas 77002 United States","Houston","Texas",""
"House of Blues Myrtle Beach","House of Blues Myrtle Beach","2067","4640 Highway 17 South
North Myrtle Beach, South Carolina 29582 United States","North Myrtle Beach","South Carolina",""
"House of Blues New Orleans","House of Blues New Orleans","1800","225 Decatur Street
New Orleans, Louisiana 70130 United States","New Orleans","Louisiana",""
"House of Blues Orlando","House of Blues Orlando","0","1490 East Buena Vista Drive
Orlando, Florida 32830 United States","Orlando","Florida",""
"House of Blues San Diego","House of Blues San Diego","0","1055 Fifth Avenue
San Diego, California 92101 United States","San Diego","California",""
"House of Harley-Davidson","House of Harley-Davidson","0","6221 West Layton Avenue
Milwaukee, Wisconsin 53220 United States","Milwaukee","Wisconsin","House of Harley-Davidson"
"House of Rock ","House of Rock","400","511 Starr Street
Corpus Christi, Texas 78401 United States","Corpus Christi","Texas",""
"Hub City Live","Hub City Live","0","28 East Baltimore Street
Hagerstown, Maryland 21740 United States","Hagerstown","Maryland",""
"Hubbard Park","Hubbard Park","0","999 West Main Street
Meriden, Connecticut 06451 United States","Meriden","Connecticut",""
"Huddle Up Sports Bar & Grill","Huddle Up Sports Bar & Grill","0","407 England Street
Ashland, Virginia 23005 United States","Ashland","Virginia","Jackie Pearce"
"Huddle Up Sports Bar & Grill","Huddle Up Sports Bar & Grill","0","407 England Street
Ashland, Virginia 23005 United States","Ashland","Virginia","Jackie Pearce"
"Icehouse Amphitheater","Icehouse Amphitheater","0","107 West Main Street
Lexington, South Carolina 29072 United States","Lexington","South Carolina",""
"Idlewild Music Festival","Idlewild Music Festival","2000","6801 Winding Ridge Road
Zebulon, North Carolina 27597 United States","Zebulon","North Carolina",""
"ilani Casino Parking Garage","ilani Casino Parking Garage","0","1 Cowlitz Way
Ridgefield, Washington 98642 United States","Ridgefield","Washington",""
"Independence Harley-Davidson","Independence Harley-Davidson","0","9205 East Independence Boulevard
Matthews, North Carolina 28105 United States","Matthews","North Carolina",""
"Indian Ranch","Indian Ranch","3046","200 Gore Road
Webster, Massachusetts 01570 United States","Webster","Massachusetts",""
"Indianapolis Symphony Orchestra","Indianapolis Symphony Orchestra","0","32 East Washington Street
Indianapolis, Indiana 46204 United States","Indianapolis","Indiana",""
"Infinity Music Hall - Hartford","Infinity Music Hall - Hartford","502","32 Front Street
Hartford, Connecticut 06103 United States","Hartford","Connecticut",""
"Infinity Music Hall - Norfolk","Infinity Music Hall - Norfolk","302","20 Greenwoods Road West
Norfolk, Connecticut 06058 United States","Norfolk","Connecticut",""
"Innsbrook After Hours","Innsbrook After Hours, SERVPRO After Hours Concerts at The Innsbrook Pavilion","17000","4028 Cox Road
Glen Allen, Virginia 23060 United States","Glen Allen","Virginia",""
"Iron City ","Iron City","1200","513 22nd Street South
Birmingham, Alabama 35233 United States","Birmingham","Alabama","Grace Gibson"
"Iron Horse Music Hall","Iron Horse Music Hall","0","20 Center Street
Northampton, Massachusetts 01060 United States","Northampton","Massachusetts",""
"J.F.K. Library (Smith Hall)","J.F.K. Library (Smith Hall)","500","Columbia Point
Boston, Massachusetts 02125 United States","Boston","Massachusetts",""
"Jack D. Hughes Memorial Park","Jack D. Hughes Memorial Park","0","513 Main Street
Pineville, North Carolina 28134 United States","Pineville","North Carolina",""
"Jack Rabbits","Jack Rabbits","300","1528 Hendricks Avenue
Jacksonville, Florida 32207 United States","Jacksonville","Florida",""
"Jack's Live (Formerly The Rabbit Hole) ","Jack's Live (Formerly The Rabbit Hole)","300","1801 Commonwealth Ave
Charlotte, North Carolina 28205 United States","Charlotte","North Carolina","Zack Poe"
"Jackie's Brickhouse","Jackie's Brickhouse","0","1053 Marina Bay Drive
Kemah, Texas 77565 United States","Kemah","Texas",""
"Jake's Sports Cafe","Jake's Sports Cafe","0","5025 50th Street
Lubbock, Texas 79414 United States","Lubbock","Texas",""
"Jamesport Farm Brewery","Jamesport Farm Brewery","0","5873 Sound Avenue
Riverhead, New York 11901 United States","Riverhead","New York",""
"Jannus Live","Jannus Live","0","200 1st Avenue North
St. Petersburg, Florida 33701 United States","St. Petersburg","Florida",""
"JB's Whiskey","JB'sWhiskey","500","3905 West Dickman Road
Springfield, Michigan 49037 United States","Springfield","Michigan",""
"JD Legends","JD Legends","700","65 Millard Drive
Franklin, Ohio 45005 United States","Franklin","Ohio",""
"Jefferson County Fairground","Jefferson County Fairground","2000","146 Strishock Lane
Brookville, Pennsylvania 15825 United States","Brookville","Pennsylvania",""
"Jergel's Rhythm Grille","Jergel's Rhythm Grille","0","103 Slade Lane
Warrendale, Pennsylvania 15086 United States","Warrendale","Pennsylvania",""
"Jerry Jam","Jerry Jam","1500","234 Pransky Road
Cabot, Vermont 05647 United States","Cabot","Vermont",""
"Jerry's Pizza & Pub","Jerry's Pizza & Pub","0","1817 Chester Avenue
Bakersfield, California 93301 United States","Bakersfield","California",""
"JJ's Live","JJ's Live","1800","3615 Steele Boulevard
Fayetteville, Arkansas 72703 United States","Fayetteville","Arkansas",""
"Joey C's Boathouse Cantina & Grill","Joey C's Boathouse Cantina & Grill","400","955 Ferry Boulevard
Stratford, Connecticut 06614 United States","Stratford","Connecticut","Joey Catalano"
"John J. Burns Town Park","John J. Burns Town Park","0","4990 Merrick Road
Massapequa, New York 11758 United States","Massapequa","New York",""
"Johnnie Brown's ","Johnnie Brown's","250","301 East Atlantic Avenue
Delray Beach, Florida 33483 United States","Delray Beach","Florida",""
"Jonathan's Ogunquit","Jonathan's Ogunquit","220","92 Bourne Lane
Ogunquit, Maine 03907 United States","Ogunquit","Maine","Caitlan Etchevers"
"Jones Performing Arts Center (JPAC)","Jones Performing Arts Center (JPAC)","1200","501 North Main Street
Louisburg, North Carolina 27549 United States","Louisburg","North Carolina",""
"Jones von Drehle Vineyards","Jones von Drehle Vineyards","0","964 Old Railroad Grade Road
Thurmond, North Carolina 28683 United States","Thurmond","North Carolina","Chuck Jones"
"Juneberry Ridge","Juneberry Ridge","0","40120 Old Cottonville Road
Norwood, North Carolina 28128 United States","Norwood","North Carolina",""
"Katharine Hepburn Cultural Arts Center: The Kate","Katharine Hepburn Cultural Arts Center (The Kate","275","300 Main Street
Old Saybrook, Connecticut 06475 United States","Old Saybrook","Connecticut",""
"KCAL Kegger","KCAL Kegger","1000","1940 Orange Tree Lane
Redlands, California 92374 United States","Redlands","California",""
"Kehoe Park","Kehoe Park","0","300 North Main Street
Bluffton, Indiana 46714 United States","Bluffton","Indiana",""
"Kenny Hopper Residence","Kenny Hopper Residence","0","3447 County Road 103
Carbondale, Colorado 81623 United States","Carbondale","Colorado",""
"Kenny's Westside Pub","Kenny's Westside Pub","400","112 Southwest Jefferson Avenue
Peoria, Illinois 61602 United States","Peoria","Illinois",""
"Kensico Dam Plaza","Kensico Dam Plaza","0","1 Bronx River Parkway
Valhalla, New York 10595 United States","Valhalla","New York",""
"Key West Theater","Key West Theater","278","512 Eaton Street
Key West, Florida 33040 United States","Key West","Florida",""
"Kickin Back At King Alley in Gate City, Virginia","Kickin Back At King Alley in Gate City, Virginia","0","156 East Jackson Street
Gate City, Virginia 24251 United States","Gate City","Virginia",""
"Kilokilo Brewing Company","Kilokilo Brewing Company","0","3340 Ramada Drive
Paso Robles, California 93446 United States","Paso Robles","California",""
"Kings","Kings","0","14 West Martin Street
Raleigh, North Carolina 27601 United States","Raleigh","North Carolina",""
"Kiss Bar and Grill","Kiss Bar and Grill","250","2550 South Campbell Avenue
Springfield, Missouri 65807 United States","Springfield","Missouri",""
"Knights of Columbus ","Timeless Tributes Stage","300","4880 Fruitville Road
Sarasota, Florida 34232 United States","Sarasota","Florida",""
"Knitting Factory - North Hollywood","Knitting Factory - North Hollywood","0","5303 Lankershim Boulevard
Los Angeles, California 91601 United States","Los Angeles","California",""
"Knitting Factory Boise","Knitting Factory Boise","0","416 South 9th Street
Boise, Idaho 83702 United States","Boise","Idaho",""
"Knitting Factory Spokane ","Knitting Factory Spokane","999","919 West Sprague Avenue
Spokane, Washington 99201 United States","Spokane","Washington",""
"Koka Booth Amphitheatre","Koka Booth Amphitheatre","7000","8003 Regency Parkway
Cary, North Carolina 27518 United States","Cary","North Carolina",""
"Kooper's North","Kooper's North","120","12240 Tullamore Road
Timonium, Maryland 21093 United States","Timonium","Maryland",""
"Koru Beach Klub ","Koru Beach Klub","400","41001 North Carolina Highway 12
Avon, North Carolina 27915 United States","Avon","North Carolina",""
"L'Auberge Casino & Hotel Baton Rouge","L'Auberge Casino & Hotel Baton Rouge","0","777 L’Auberge Avenue
Baton Rouge, Louisiana 70820 United States","Baton Rouge","Louisiana",""
"La Santa ","La Santa","300","220 East 3rd Street
Santa Ana, California 92701 United States","Santa Ana","California",""
"LaBelle Winery Amherst Event Center","LaBelle Winery Amherst Event Center","200","345 State Route 101
Amherst, New Hampshire 03031 United States","Amherst","New Hampshire",""
"LaBelle Winery Derry Event Center","LaBelle Winery Derry Event Center","0","14 New Hampshire 111
Derry, New Hampshire 03038 United States","Derry","New Hampshire",""
"Ladera Ranch Park ","Ladera Ranch Park","0","","","",""
"Lafayette's Music Room","Lafayette's Music Room","250","2119 Madison Avenue
Memphis, Tennessee 38104 United States","Memphis","Tennessee",""
"Lake Wylie","Lake Wylie","0","","","",""
"Lakeport Opera House","Lakeport Opera House","0","781 Union Avenue
Laconia, New Hampshire 03246 United States","Laconia","New Hampshire",""
"LalaCaboosa Downtown Music Series","Veteran's Park","0","201 Huntersville-Concord Road
Huntersville, North Carolina 28078 United States","Huntersville","North Carolina",""
"Lancaster Middle School - Community Theater","Lancaster Middle School - Community Theater","500","191 School Street
Kilmarnock, Virginia 22482 United States","Kilmarnock","Virginia",""
" Landers Campground (Froggy Daze Family Campout)","Landers Campground","0","210 Bridge Street
Narrowsburg, New York 12764 United States","Narrowsburg","New York",""
"Langley Air Force Base","Langley Air Force Base","0","210 Sweeney Boulevard
Hampton, Virginia 23665 United States","Hampton","Virginia",""
"Larchmont Shore Club","Larchmont Shore Club","0","1 Oak Bluff Avenue
Larchmont, New York 10538 United States","Larchmont","New York",""
"Larcom Theatre","Larcom Theatre","0","13 Wallis Street
Beverly, Massachusetts 01915 United States","Beverly","Massachusetts",""
"Lark Hall","Lark Hall","300","351 Hudson Avenue
Albany, New York 12210 United States","Albany","New York",""
"Larkin’s Sawmill","Larkin’s Sawmill","0","22 Graves Drive
Greenville, South Carolina 29609 United States","Greenville","South Carolina",""
"Last Concert Cafe ","Last Concert Cafe","650","1403 Nance Street
Houston, Texas 77002 United States","Houston","Texas",""
"Latitude Margaritaville (Daytona Beach)","Latitude Margaritaville Daytona Beach","0","169 Margaritaville Avenue
Daytona Beach, Florida 32124 United States","Daytona Beach","Florida",""
"Latitude Margaritaville hilton head","Latitude Margaritaville hilton head","0","1492 Shoreside Drive
Hardeeville, South Carolina 29927 United States","Hardeeville","South Carolina",""
"Lauderdale Yacht Club","Lauderdale Yacht Club","0","1725 Southeast 12th Street
Fort Lauderdale, Florida 33316 United States","Fort Lauderdale","Florida",""
"Launchpad","Launchpad","0","618 Central Avenue Southwest
Albuquerque, New Mexico 87102 United States","Albuquerque","New Mexico",""
"Lava Cantina","Lava Cantina","1000","5805 Grandscape Boulevard
The Colony, Texas 75056 United States","The Colony","Texas",""
"Lawrenceburg Main Street Inc","Music on the River","0","320 Walnut Street
Lawrenceburg, Indiana 47025 United States","Lawrenceburg","Indiana",""
"Le Barthélemy Hotel & Spa ","Le Barthélemy Hotel & Spa","500","Baie de Grand Cul de Sac
Saint-Barthélemy 97133 Saint Barthélemy","Saint-Barthélemy","",""
"Leadfoot City","Leadfoot City Main Stage","600","17109 Old Ayers Rd
Brooksville, FL 34604","Brooksville ","FL ","Achilles Thomas"
"Lebowsky Center for Performing Arts","Lebowsky Center for Performing Arts","500","122 East Main Street
Owosso, Michigan 48867 United States","Owosso","Michigan","Amy Jo Brown"
"Lee Theatre ","Lee Theatre","0","41676 West Morgan Avenue
Pennington Gap, Virginia 24277 United States","Pennington Gap","Virginia",""
"Legacy at the Riverfront ( Music Hall )","Legacy at the Riverfront ( Music Hall )","0","9330 West Tennessee Street
Tallahassee, Florida 32304 United States","Tallahassee","Florida",""
"Legacy Hall","Legacy Hall","750","4301 New Town Avenue
Williamsburg, Virginia 23188 United States","Williamsburg","Virginia",""
"Levitate Backyard & Rexicana Surf Cantina","Levitate Backyard & Rexicana Surf Cantina","400","1871 Ocean Street
Marshfield, Massachusetts 02050 United States","Marshfield","Massachusetts",""
"Levitt Pavilion SteelStacks","Levitt Pavilion SteelStacks","2500","789 East 1st Street
Bethlehem, Pennsylvania 18015 United States","Bethlehem","Pennsylvania",""
"Lewis & Clark Brewing Co.","Lewis & Clark Brewing Co.","0","1517 Dodge Avenue
Helena, Montana 59601 United States","Helena","Montana",""
"Lexington Village Theatre","Lexington Village Theatre","0","7318 Huron Avenue
Lexington, Michigan 48450 United States","Lexington","Michigan",""
"Liam Fitzpatrick's Irish Restaurant","Liam Fitzpatrick's Irish Restaurant","0","951 Market Promenade Avenue
Lake Mary, Florida 32746 United States","Lake Mary","Florida",""
"Liberty Hall","Liberty Hall","307","103 East Erwin Street
Tyler, Texas 75702 United States","Tyler","Texas",""
"Liberty park","Liberty park","1000","268 North Apopka Avenue
Inverness, Florida 34450 United States","Inverness","Florida",""
"Liberty Park Amphitheater ","Liberty Park Amphitheater","1500","255 East Iredell Avenue
Mooresville, North Carolina 28115 United States","Mooresville","North Carolina",""
"Liberty Square Plaza","Liberty Square Plaza","1000","210 East 400 South
Salt Lake City, Utah 84111 United States","Salt Lake City","Utah",""
"Liberty Station","Liberty Station","550","2455 Cushing Road
San Diego, California 92106 United States","San Diego","California",""
"Library Riot","Library Riot","0","2601 Ryan Street
Lake Charles, Louisiana 70601 United States","Lake Charles","Louisiana",""
"Lima Crossroads Festival ","Lima Crossroads Festival","1000","7311 East Main Street
Lima, New York 14485 United States","Lima","New York",""
"Limelight","Limelight","0","145 Blue Creek School Road
Jacksonville, North Carolina 28540 United States","Jacksonville","North Carolina",""
"Lincoln Amphitheatre","Lincoln Amphitheatre","0","15032 East County Road 1500
Lincoln City, Indiana 47552 United States","Lincoln City","Indiana",""
"Lincoln Cultural Center","Lincoln Cultural Center","0","403 East Main Street
Lincolnton, North Carolina 28092 United States","Lincolnton","North Carolina","Cathy G. Davis"
"Lincoln Hill Farms","Lincoln Hill Farms","1500","3792 New York 247
Canandaigua, New York 14424 United States","Canandaigua","New York",""
"Lincoln on Main","Lincoln on Main","220","245 South Main Street
Canandaigua, New York 14424 United States","Canandaigua","New York",""
"Lincoln Park Fairfield","Lincoln Park Fairfield","500","445 Jackman Avenue
Fairfield, Connecticut 06825 United States","Fairfield","Connecticut",""
"Lincoln Theatre ","Lincoln Theatre","600","805 North West Street
Raleigh, North Carolina 27603 United States","Raleigh","North Carolina",""
"Little Miami Brewing Company","Little Miami Brewing Company","300","208 Mill Street
Milford, Ohio 45150 United States","Milford","Ohio",""
"Live at the Lakefront","Live at the Lakefront","0","1 Franklin Street
Michigan City, Indiana 46360 United States","Michigan City","Indiana",""
"Live at the Lakefront","Live at the Lakefront","0","1 Franklin Street
Michigan City, Indiana 46360 United States","Michigan City","Indiana",""
"Livingston Symphony Orchestra","The Oval","1000","Robert H Harp Drive
Livingston, New Jersey 07039 United States","Livingston","New Jersey",""
"Local on the Water","Local on the Water","0","1525 13th Avenue North
North Myrtle Beach, South Carolina 29582 United States","North Myrtle Beach","South Carolina",""
"Locals 10538","Locals 10538","135","2128 Boston Post Road
Larchmont, New York 10538 United States","Larchmont","New York","Ted Utz"
"Log Still Distillery","The Amp at Log Still","2350","225 Dee Head Road
New Haven, Kentucky 40051 United States","New Haven","Kentucky",""
"Longboard Live","Longboard Bar & Venue","350","180 Eureka Drive
Pacifica, California 94044 United States","Pacifica","California",""
"Lost Worlds Brewing Company","Lost Worlds Brewing Company","350","19700-D One Norman Boulevard
Cornelius, North Carolina 28031 United States","Cornelius","North Carolina",""
"Lou Sobh Amphitheater","Lou Sobh Amphitheater","2500","450 Vision Drive
Cumming, Georgia 30040 United States","Cumming","Georgia",""
"Loudoun Station","Loudoun Station","3000","43751 Central Station Drive
Ashburn, Virginia 20147 United States","Ashburn","Virginia",""
"Louisa Arts Center","Louisa Arts Center","205","212 Fredericksburg Avenue
Louisa, Virginia 23093 United States","Louisa","Virginia",""
"Lovedraft's Brewing Co","Lovedraft's Brewing Co","500","165 Gateway Drive
Mechanicsburg, Pennsylvania 17050 United States","Mechanicsburg","Pennsylvania",""
"Lowcountry Celebration Park","Lowcountry Celebration Park","0","94 Pope Avenue
Hilton Head Island, South Carolina 29928 United States","Hilton Head Island","South Carolina",""
"Lowell Memorial Auditorium","Lowell Memorial Auditorium","2800","50 East Merrimack Street
Lowell, Massachusetts 01852 United States","Lowell","Massachusetts",""
"Madeira Field","Madeira Field","0","50 Madeira Avenue
New Bedford, Massachusetts 02746 United States","New Bedford","Massachusetts",""
"Madison Beach Hotel","Madison Beach Hotel","0","94 West Wharf Road
Madison, Connecticut 06443 United States","Madison","Connecticut",""
"Madison Theater","Madison Theater","0","730 Madison Avenue
Covington, Kentucky 41011 United States","Covington","Kentucky",""
"MadLife Stage & Studios","MadLife Stage & Studios","280","8722 Main Street
Woodstock, Georgia 30188 United States","Woodstock","Georgia",""
"Magic Bag","Magic Bag","400","22920 Woodward Avenue
Ferndale, Michigan 48220 United States","Ferndale","Michigan",""
"Magic Room","Magic Room","125","83 Morse Street
Norwood, Massachusetts 02062 United States","Norwood","Massachusetts","William Desmond"
"Main Stage (Town of Ayden)","Main Stage (Town of Ayden)","1000","4144 West Avenue
Ayden, North Carolina 28513 United States","Ayden","North Carolina",""
"Main Street Crossing","Main Street Crossing","0","111 West Main Street
Tomball, Texas 77375 United States","Tomball","Texas","Matt Davis"
"Mammoth Reggae ","The Village at Mammoth","2000","100 Canyon Boulevard
Mammoth Lakes, California 93546 United States","Mammoth Lakes","California",""
"Mammoth Rocks","Mammoth Rocks","1000","6201 Minaret Road
Mammoth Lakes, California 93546 United States","Mammoth Lakes","California",""
"Manchester Music Hall","Manchester Music Hall","1100","899 Manchester Street
Lexington, Kentucky 40508 United States","Lexington","Kentucky",""
"Manursing Island Club","Manursing Island Club","0","1 South Manursing Island
Rye, New York 10580 United States","Rye","New York",""
"Maria’s Banquet Hall by DiPaolo’s","Maria’s Banquet Hall by DiPaolo’s","0","72 North Virginia Avenue
Penns Grove, New Jersey 08069 United States","Penns Grove","New Jersey",""
"Marietta Square Summer Series","Glover Park","0","50 North Park Square
Marietta, Georgia 30060 United States","Marietta","Georgia",""
"Mark Burkhalter Amphitheater (Newtown Park)","Newtown Park","0","3150 Old Alabama Road
Johns Creek, Georgia 30022 United States","Johns Creek","Georgia",""
"Marker 48 Brewing","Marker 48 Brewing","400","12147 Cortez Boulevard
Spring Hill, Florida 34613 United States","Spring Hill","Florida",""
"Market On Main","Market On Main","0","1320 Main Street
Columbia, South Carolina 29201 United States","Columbia","South Carolina",""
"Marquee Theatre","Marquee Theatre","1500","730 North Mill Avenue
Tempe, Arizona 85281 United States","Tempe","Arizona",""
"Marquee Theatre Tempe, AZ","Marquee Theatre Tempe, AZ","1250","730 North Mill Avenue
Tempe, Arizona 85281 United States","Tempe","Arizona",""
"Marquis Theater","Marquis Theater","450","2009 Larimer Street
Denver, Colorado 80205 United States","Denver","Colorado",""
"Martin Luther King Jr Memorial Park at Manhattan Square","Martin Luther King Jr Memorial Park at Manhattan Square","2000","353 Court Street
Rochester, New York 14607 United States","Rochester","New York",""
"Martin's Downtown","Martin's Downtown","600","214 State Street
Jackson, Mississippi 39201 United States","Jackson","Mississippi",""
"Marty's Driving Range ","Marty's Driving Range","1100","96 Old Turnpike Road
Mason, New Hampshire 03048 United States","Mason","New Hampshire",""
"Mary Galterio (House Party)","Mary Galterio (House Party)","0","9 Tatomuck Circle
Pound Ridge, New York 10576 United States","Pound Ridge","New York","Mary Galterio"
"Mary O'Neill's Irish Pub","Mary O'Neill's Irish Pub","0","116 West North Main Street
Waxhaw, North Carolina 28173 United States","Waxhaw","North Carolina",""
"Massanutten Resort","Massanutten Resort","0","1822 Resort Drive
Massanutten, Virginia 22840 United States","Massanutten","Virginia",""
"Matanuska Brewing Eagle River","Matanuska Brewing Eagle River","0","11901 Old Glenn Highway
Anchorage, Alaska 99577 United States","Anchorage","Alaska",""
"Mateel Community Center","Mateel Community Center","0","59 Rusk Lane
Redway, California 95560 United States","Redway","California",""
"McClure Bean Soup Festival & Fair","McClure Bean Soup Festival & Fair","0","7 East Ohio Street
McClure, Pennsylvania 17841 United States","McClure","Pennsylvania","Bruce Hassinger"
"McGonagle’s Pub & Restaurant","McGonagle’s Pub & Restaurant","0","367 Neponset Avenue
Boston, Massachusetts 02122 United States","Boston","Massachusetts",""
"McHenry Fiesta Days","McHenry Fiesta Days","0","4300 Peterson Park Road
McHenry, Illinois 60050 United States","McHenry","Illinois",""
"McLaughlin-Norcross Memorial Dell Haddon Lake Park","McLaughlin-Norcross Memorial Dell Haddon Lake Park","2000","1214 S Park Ave
Haddon Township, New Jersey 08107 United States","Haddon Township","New Jersey","Rich Mancinelli"
"MegaCorp Pavilion","MegaCorp Pavilion","7000","101 West 4th Street
Newport, Kentucky 41071 United States","Newport","Kentucky",""
"Melody Tent","Melody Tent","0","41 West Main Street
Barnstable, Massachusetts 02601 United States","Barnstable","Massachusetts",""
"Memorial Opera House","Memorial Opera House","364","104 Indiana Avenue
Valparaiso, Indiana 46383 United States","Valparaiso","Indiana",""
"Mentor Civic Amphitheatre","Mentor Civic Amphitheatre","2000","8600 Munson Road
Mentor, Ohio 44060 United States","Mentor","Ohio",""
"Mercury Ballroom","Mercury Ballroom","960","611 South 4th Street
Louisville, Kentucky 40202 United States","Louisville","Kentucky",""
"MGM Springfield","MGM Springfield","0","One MGM Way
Springfield, Massachusetts 01103 United States","Springfield","Massachusetts",""
"Miami Beach Bandshell","Miami Beach Bandshell","1200","7275 Collins Avenue
Miami Beach, Florida 33141 United States","Miami Beach","Florida",""
"Middle Ages Brewing Company","Middle Ages Brewing Company","600","120 Wilkinson Street
Syracuse, New York 13204 United States","Syracuse","New York","Charley Orlando"
"Middle C Jazz","Middle C Jazz","0","300 South Brevard Street
Charlotte, North Carolina 28202 United States","Charlotte","North Carolina",""
"Middle East (Upstairs)","Middle East Restaurant and Club","0","472 Massachusetts Avenue
Cambridge, Massachusetts 02139 United States","Cambridge","Massachusetts",""
"Midwest Theater","Midwest Theater","700","1707 Broadway
Scottsbluff, Nebraska 69361 United States","Scottsbluff","Nebraska",""
"Milford Oyster Festival","Milford Oyster Festival","2000","1 Shipyard Lane
Milford, Connecticut 06460 United States","Milford","Connecticut",""
"Milford Performing Arts Center","Milford Performing Arts Center","950","225 Research Drive
Milford, Connecticut 06460 United States","Milford","Connecticut","Steve Cooper"
"Milk Bar","Milk Bar","0","1840 Haight Street
San Francisco, California 94117 United States","San Francisco","California",""
"Milk Room Brewing Company","Milk Room Brewing Company","1000","80 Hillside Road
Rutland, Massachusetts 01543 United States","Rutland","Massachusetts",""
"MilkBoy Philadelphia","MilkBoy Philadelphia","0","1100 Chestnut Street
Philadelphia, Pennsylvania 19107 United States","Philadelphia","Pennsylvania",""
"Milton Theatre","Milton Theatre","201","110 Union Street
Milton, Delaware 19968 United States","Milton","Delaware",""
"Minglewood Hall ( 1884 Lounge )","Minglewood Hall ( 1884 Lounge )","0","1555 Madison Avenue
Memphis, Tennessee 38104 United States","Memphis","Tennessee",""
"Mint Hill Veterans Memorial Park","Mint Hill Veterans Memorial Park","0","8850 Fairview Road
Mint Hill, North Carolina 28227 United States","Mint Hill","North Carolina",""
"Mirsky Homestead","Mirsky Homestead","200","1400 Tucker Lane
Ashton-Sandy Spring, Maryland 20861 United States","Ashton-Sandy Spring","Maryland",""
"Misquamicut State Beach Pavillion","Misquamicut State Beach Pavillion","800","257 Atlantic Avenue
Westerly, Rhode Island 02891 United States","Westerly","Rhode Island",""
"Mission Bay Boat Club","Mission Bay Boat Club","300","2606 North Mission Bay Drive
San Diego, California 92109 United States","San Diego","California",""
"Mississippi Moon Bar at Diamond Jo Dubuque","Mississippi Moon Bar at Diamond Jo Dubuque","0","301 Bell Street
Dubuque, Iowa 52001 United States","Dubuque","Iowa",""
"MIXX 360 Nightlife","MIXX 360 Nightlife","0","665 Broadway
Malden, Massachusetts 02148 United States","Malden","Massachusetts",""
"Mohegan Sun","Wolfs Den","400","1 Mohegan Sun Boulevard
Montville, Connecticut 06382 United States","Montville","Connecticut",""
"Mohegan Sun Arena","Mohegan Sun Arena, Wolfs Den","0","1 Mohegan Sun Boulevard
Montville, Connecticut 06382 United States","Montville","Connecticut",""
"Mohegan Sun Pocono","Mohegan Sun Pocono","1000","1280 Pennsylvania 315
Wilkes-Barre, Pennsylvania 18702 United States","Wilkes-Barre","Pennsylvania",""
"Montage Mountain Resorts","Montage Mountain Resorts","0","1000 Montage Mountain Road
Scranton, Pennsylvania 18507 United States","Scranton","Pennsylvania",""
"Monterey County Fairgrounds","Monterey County Fairgrounds","0","2004 Fairground Road
Monterey, California 93940 United States","Monterey","California",""
"Moon Tavern","Moon Tavern","250","1946 Scranton Carbondale Highway
Scranton, Pennsylvania 18508 United States","Scranton","Pennsylvania",""
"Morgan Hill Event Center","Morgan Hill Event Center","0","82 Morgan Hill Lane
Hermon, Maine 04401 United States","Hermon","Maine",""
"Morris Farm","Morris Farm","4000","3784 Caratoke Highway
Barco, North Carolina 27917 United States","Barco","North Carolina",""
"Morsbergers Tavern LLC","Morsbergers Tavern LLC","175","713 Frederick Road
Catonsville, Maryland 21228 United States","Catonsville","Maryland",""
"Motorworks Brewing","Motorworks Brewing","0","1014 9th Street West
Bradenton, Florida 34205 United States","Bradenton","Florida",""
"Mount Holly Concert Series","Mount Holly Concert Series","0","131 South Main Street
Mount Holly, North Carolina 28120 United States","Mount Holly","North Carolina",""
"Mountain View Village","Mountain View Village","0","","","",""
"Movement on the Mountain Music Festival ","Movement on the Mountain Music Festival","0","441 Grange Hall Road
Tionesta, Pennsylvania 16353 United States","Tionesta","Pennsylvania",""
"Moxi Theater","Moxi Theater","0","802 9th Street
Greeley, Colorado 80631 United States","Greeley","Colorado",""
"Mulcahy's Pub and Concert Hall","Mulcahy's Pub and Concert Hall","1500","3232 Railroad Avenue
Wantagh, New York 11793 United States","Wantagh","New York","Rick Cappiello"
"Museum of the Shenandoah Valley","Museum of the Shenandoah Valley","0","901 Amherst Street
Winchester, Virginia 22601 United States","Winchester","Virginia",""
"Music Box","Music Box","705","1337 India Street
San Diego, California 92101 United States","San Diego","California",""
"Music Box Supper Club","Music Box Supper Club","300","1148 Main Avenue
Cleveland, Ohio 44113 United States","Cleveland","Ohio",""
"Music Farm","Music Farm","650","37 John Street
Charleston, South Carolina 29403 United States","Charleston","South Carolina",""
"Music on Main ","Music on Main","0","11 South Ocean Boulevard
North Myrtle Beach, South Carolina 29582 United States","North Myrtle Beach","South Carolina",""
"Music on Main Spartanburg","Music on Main Spartanburg","1000","100 West Main Street
Spartanburg, South Carolina 29306 United States","Spartanburg","South Carolina","Reggie Geter"
"Musikfest Café","Musikfest Café, Zinzenplatz","470","101 Founders Way
Bethlehem, Pennsylvania 18015 United States","Bethlehem","Pennsylvania",""
"MV Grande Mariner","Pier 36 NYC","550","299 South Street
New York, New York 10002 United States","New York","New York",""
"MVP Sports Bar and Grille","MVP Sports Bar and Grille","400","6923 Plainfield Road
Cincinnati, Ohio 45236 United States","Cincinnati","Ohio",""
"Naper Nights ","Naper Settlement","2500","523 South Webster Street
Naperville, Illinois 60540 United States","Naperville","Illinois",""
"Nash County Arts Council","Nash County Arts Council","180","100 East Washington Street
Nashville, North Carolina 27856 United States","Nashville","North Carolina",""
"Nashua Center for the Arts","Nashua Center for the Arts","0","201 Main Street
Nashua, New Hampshire 03060 United States","Nashua","New Hampshire",""
"Nashvilles","Nashvilles","500","4853 West Henrietta Road
Henrietta, New York 14467 United States","Henrietta","New York",""
"Naughty Pine Brewing Co","Naughty Pine Brewing","0","766 Lakefield Road
Westlake Village, California 91361 United States","Westlake Village","California",""
"Naukabout Brewery and Taproom","Naukabout Brewery and Taproom","0","13 Lake Avenue
Mashpee, Massachusetts 02649 United States","Mashpee","Massachusetts",""
"Nectar's","Nectar's","0","188 Main Street
Burlington, Vermont 05401 United States","Burlington","Vermont",""
"NED DEVINE'S IRISH GASTRO PUB & RESTAURANT","NED DEVINE'S IRISH GASTRO PUB & RESTAURANT","500","2465 Centreville Road
Herndon, Virginia 20171 United States","Herndon","Virginia","Gordon (Owner)"
"Nelson Ledges Quarry Park","Nelson Ledges Quarry Park","6500","12001 Nelson Ledge Road
Garrettsville, Ohio 44231 United States","Garrettsville","Ohio",""
"New Park Brewing","New Park Brewing, The Green Room","275","485 New Park Avenue
West Hartford, Connecticut 06110 United States","West Hartford","Connecticut",""
"New Realm Brewing Co.","New Realm Brewing Co.","300","1209 Craft Lane
Virginia Beach, Virginia 23454 United States","Virginia Beach","Virginia",""
"New Realm Brewing Co.","New Realm Brewing Co.","2000","550 Somerset Terrace Northeast
Atlanta, Georgia 30306 United States","Atlanta","Georgia","Wes Abbott"
"New Realm Brewing Co.","New Realm Brewing Co.","2000","880 Island Park Drive
Charleston, South Carolina 29492 United States","Charleston","South Carolina","Wes Abbott"
"New Town Stage, Williamsburg VA","New Town Stage, Williamsburg VA","3500","4301 New Town Avenue
Williamsburg, Virginia 23188 United States","Williamsburg","Virginia",""
"New York Stock Exchange","New York Stock Exchange","0","11 Wall Street
New York, New York 10005 United States","New York","New York",""
"Newport Music Hall","Newport Music Hall","1400","1722 North High Street
Columbus, Ohio 43201 United States","Columbus","Ohio",""
"Newtown Theatre","Newtown Theatre","260","120 North State Street
Newtown, Pennsylvania 18940 United States","Newtown","Pennsylvania","Andy Smith"
"Nightmare on Elgin St","Nightmare on Elgin St","0","","","",""
"Nissi's Laffaytte CO","Nissi's","0","1455 Coal Creek Drive
Lafayette, Colorado 80026 United States","Lafayette","Colorado",""
"Nola's Bar & Lounge, Ocean Casino Resort","Nola's Bar & Lounge, Ocean Casino Resort","0","","","",""
"North Hempstead Beach Park","North Hempstead Beach Park","2000","175 West Shore Road
Port Washington, New York 11050 United States","Port Washington","New York",""
"North Hempstead Concert Series","North Hempstead Concert Series","1000","200 Plandome Road
Manhasset, New York 11030 United States","Manhasset","New York","Estefany Garay"
"North Hempstead Town Hall","North Hempstead Town Hall","1000","220 Plandome Road
Manhasset, New York 11030 United States","Manhasset","New York","Estefany Garay"
"North Myrtle Beach Park and Sports Complex","North Myrtle Beach Park and Sports Complex","5000","150 Citizens Circle
Little River, South Carolina 29566 United States","Little River","South Carolina",""
"North Point","North Point","0","621 Center Point Road Northeast
Cedar Rapids, Iowa 52402 United States","Cedar Rapids","Iowa",""
"North Star Mohican Casino Resort","North Star Mohican Casino Resort","0","W12180 County Road A
Bowler, Wisconsin 54416 United States","Bowler","Wisconsin","North Star Mohican Casino Resort"
"Norwalk Concert Series","Norwalk Concert Series","0","","","",""
"Norwegian Jewel (Miami, FL) ","Port of Miami","2300","1435 North Cruise Boulevard
Miami, Florida 33132 United States","Miami","Florida",""
"Oakdale Yacht Club","Oakdale Yacht Club","0","520 Shore Drive
Oakdale, New York 11769 United States","Oakdale","New York",""
"Oasis on the River","Oasis on the River","0","4380 Carraway Place
Sanford, Florida 32771 United States","Sanford","Florida",""
"OCC Road House & Museum","OCC Road House & Museum","0","10575 49th Street North
Clearwater, Florida 33762 United States","Clearwater","Florida",""
"Ocean Beach Park","Ocean Beach Park","2000","98 Neptune Avenue
New London, Connecticut 06320 United States","New London","Connecticut","David Segrue"
"Ocean Deck Restaurant & Beach Bar","Ocean Deck Restaurant & Beach Bar","0","127 South Ocean Avenue
Daytona Beach, Florida 32118 United States","Daytona Beach","Florida",""
"Ocean Key Resort & Spa (Naval Air Station Key West)","Ocean Key Resort & Spa (Naval Air Station Key West)","800","0 Duval Street
Key West, Florida 33040 United States","Key West","Florida",""
"Ocean Mist","Ocean Mist","350","895 Matunuck Beach Road
South Kingstown, Rhode Island 02879 United States","South Kingstown","Rhode Island",""
"Oconee Brewing Company","Oconee Brewing Company","0","202 North West Street
Greensboro, Georgia 30642 United States","Greensboro","Georgia",""
"Odd By Nature Brewing","Odd By Nature Brewing","0","1400 U.S. 1
York, Maine 03902 United States","York","Maine",""
"Off The Rails","Off The Rails","620","90 Commercial Street
Worcester, Massachusetts 01608 United States","Worcester","Massachusetts","Chris Besaw, Jason Legassie"
"Oglesby City Clerk","Oglesby City Clerk","0","110 East Walnut Street
Oglesby, Illinois 61348 United States","Oglesby","Illinois",""
"Okatie Ale House","Okatie Ale House","0","25 William Pope Drive
Bluffton, South Carolina 29909 United States","Bluffton","South Carolina",""
"Old Dominion Boat Club","Old Dominion Boat Club","0","0 Prince Street
Alexandria, Virginia 22314 United States","Alexandria","Virginia",""
"Old Rock House","Old Rock House","0","1200 South 7th Street
St. Louis, Missouri 63104 United States","St. Louis","Missouri",""
"Oley Community Fair","Oley Community Fair","0","26 Jefferson Street
Oley, Pennsylvania 19547 United States","Oley","Pennsylvania","Erich Cawalla"
"OLL Fall Festival ","OLL Fall Festival","0","750 San Salvador Drive
Dunedin, Florida 34698 United States","Dunedin","Florida",""
"One 13","One 13","0","113 West Court Street
Rutherfordton, North Carolina 28139 United States","Rutherfordton","North Carolina",""
"Open Chord Stage","Open Chord Stage","150","8502 Kingston Pike
Knoxville, Tennessee 37919 United States","Knoxville","Tennessee",""
"Orange Blossom Opry","Orange Blossom Opry","500","16439 Southeast 138th Terrace
Weirsdale, Florida 32195 United States","Weirsdale","Florida","Presley Mohler"
"Orange County Fair NY","Orange County Fair NY","1000","239 Wisner Avenue
Middletown, New York 10940 United States","Middletown","New York",""
"Oriental Theater","Oriental Theater","0","4335 West 44th Avenue
Denver, Colorado 80212 United States","Denver","Colorado",""
"Oswego Harborfest","Main Stage","0","91 Lake Street
Oswego, New York 13126 United States","Oswego","New York",""
"Our Lady of Perpetual Hops","Our Lady of Perpetual Hops","0","300 Foundation Court
New Albany, Indiana 47150 United States","New Albany","Indiana",""
"Outer Banks Brewing Station","Outer Banks Brewing Station","350","600 South Croatan Highway
Kill Devil Hills, North Carolina 27948 United States","Kill Devil Hills","North Carolina",""
"Outland Ballroom","Outland Ballroom","0","324 South Avenue
Springfield, Missouri 65806 United States","Springfield","Missouri",""
"OWA Theater","OWA Theater","0","205 North OWA Boulevard
Foley, Alabama 36535 United States","Foley","Alabama",""
"Paddy's Beach Club","Paddy's Beach Club","350","159 Atlantic Avenue
Westerly, Rhode Island 02891 United States","Westerly","Rhode Island",""
"Pala Casino Spa Resort","Pala Casino Spa Resort","2000","11154 California 76
Pala, California 92059 United States","Pala","California",""
"Palace Pointe","Palace Pointe","500","5050 Durham Road
Roxboro, North Carolina 27574 United States","Roxboro","North Carolina",""
"Palace Theatre","Palace Theatre","834","80 Hanover Street
Manchester, New Hampshire 03101 United States","Manchester","New Hampshire","Ray Garon"
"Palatine Park","Palatine Park","1500","Everest Drive
Fairmont, West Virginia 26554 United States","Fairmont","West Virginia",""
"Palladium Times Square","Palladium Times Square","0","1515 Broadway
New York, New York 10036 United States","New York","New York",""
"Palm Beach Gardens Veterans Plaza Amphitheater","Palm Beach Gardens Veterans Plaza Amphitheater","3000","10500 North Military Trail
Palm Beach Gardens, Florida 33410 United States","Palm Beach Gardens","Florida",""
"Palma Ceia Golf & Country Club","Palma Ceia Golf & Country Club","0","1601 South MacDill Avenue
Tampa, Florida 33629 United States","Tampa","Florida",""
"Paloma Park ","Paloma Park","1000","235 West Washington Street
Athens, Georgia 30601 United States","Athens","Georgia",""
"Paper Tiger","Peper Tiger","0","2410 North Saint Mary's Street
San Antonio, Texas 78212 United States","San Antonio","Texas",""
"Paradise Coast Sports Complex","Paradise Coast Sports Complex","0","3940 City Gate Boulevard South
Naples, Florida 34117 United States","Naples","Florida",""
"Paradise Plaza","Paradise Plaza","800","151 Northeast 41st Street
Miami, Florida 33137 United States","Miami","Florida",""
"Paradise Rock Club","Paradise Rock Club","953","967 Commonwealth Avenue
Boston, Massachusetts 02215 United States","Boston","Massachusetts",""
"Paramount Center for the Arts","Paramount Center for the Arts","0","518 State Street
Bristol, Tennessee 37620 United States","Bristol","Tennessee",""
"Paramount Theatre, VT","Paramount Theatre, VT","0","30 Center Street
Rutland, Vermont 05701 United States","Rutland","Vermont",""
"Park City Music Hall","Park City Music Hall","300","2926 Fairfield Avenue
Bridgeport, Connecticut 06605 United States","Bridgeport","Connecticut","John Torres"
"Park Theatre","Park Theatre","0","248 South River Avenue
Holland, Michigan 49423 United States","Holland","Michigan",""
"Pats Peak Ski Area","Pats Peak Ski Area","0","686 Flanders Road
Henniker, New Hampshire 03242 United States","Henniker","New Hampshire",""
"Paulding County Summer Concert Series","Paulding County Summer Concert Series","0","240 Constitution Boulevard
Dallas, Georgia 30132 United States","Dallas","Georgia",""
"Peabody Auditorium","Peabody Auditorium","2521","600 Auditorium Boulevard
Daytona Beach, Florida 32118 United States","Daytona Beach","Florida",""
"Peachtree Corners Town Center Stage","Peachtree Corners Town Center Stage","0","5130 Town Center Boulevard
Peachtree Corners, Georgia 30092 United States","Peachtree Corners","Georgia",""
"Peacock Performing Arts Center","Peacock Performing Arts Center","0","301 Church Street
Hayesville, North Carolina 28904 United States","Hayesville","North Carolina",""
"Pearl Street Warehouse","Pearl Street Warehouse","250","33 Pearl Street Southwest
Washington, District of Columbia 20024 United States","Washington","District of Columbia",""
"Peggy and Yale Gordon Center For Performing Arts","Peggy and Yale Gordon Center For Performing Arts","525","3506 Gwynnbrook Avenue
Owings Mills, Maryland 21117 United States","Owings Mills","Maryland",""
"Penn Community Bank Amphitheater","Penn Community Bank Amphitheater","5000","2400 Byberry Road
Bensalem, Pennsylvania 19020 United States","Bensalem","Pennsylvania",""
"Penn's Peak","Penn's Peak","0","325 Maury Road
Jim Thorpe, Pennsylvania 18229 United States","Jim Thorpe","Pennsylvania","Craig Stelling"
"Pennington's ","Pennington's","300","106 East Main Street
Jewett, Ohio 43986 United States","Jewett","Ohio",""
"Pennsylvania Renaissance Faire","Pennsylvania Renaissance Faire","1500","2775 Lebanon Road
Manheim, Pennsylvania 17545 United States","Manheim","Pennsylvania",""
"Peoria Civic Center","Peoria Civic Center","11442","201 Southwest Jefferson Avenue
Peoria, Illinois 61602 United States","Peoria","Illinois",""
"Peoria Park District","Peoria Park District","2000","1125 West Lake Avenue
Peoria, Illinois 61603 United States","Peoria","Illinois",""
"Pete's Saloon & Restaurant","Pete's Saloon & Restaurant","200","8 West Main Street
Elmsford, New York 10523 United States","Elmsford","New York",""
"Phantom Farms Brewing (The Mill)","Phantom Farms Brewing (The Mill)","300","30 Martin Street
Cumberland, Rhode Island 02864 United States","Cumberland","Rhode Island",""
"Phantom Power","Phantom Power","400","121 West Frederick Street
Millersville, Pennsylvania 17551 United States","Millersville","Pennsylvania",""
"Phi Gamma Delta Auburn University ","Phi Gamma Delta Auburn University","500","275 South College Street
Auburn, Alabama 36830 United States","Auburn","Alabama",""
"Philadelphia Convention Center","Philadelphia Convention Center","1000","1101 Arch Street
Philadelphia, Pennsylvania 19107 United States","Philadelphia","Pennsylvania",""
"Photo City Music Hall","Photo City Music Hall","500","543 Atlantic Avenue
Rochester, New York 14609 United States","Rochester","New York",""
"Pickle Barrel Nightclub","Pickle Barrel Nightclub","500","1741 Killington Road
Killington, Vermont 05751 United States","Killington","Vermont",""
"Piere's Entertainment Center","Piere's Entertainment Center","500","5629 Saint Joe Road
Fort Wayne, Indiana 46835 United States","Fort Wayne","Indiana",""
"Pig On The Pond Festival -  Waterfront Park ","Waterfront Park","1000","330 3rd Street
Clermont, Florida 34711 United States","Clermont","Florida","Maritza Rivera"
"Pine Creek Lodge","Pine Creek Lodge","1000","2496 East River Road
Livingston, Montana 59047 United States","Livingston","Montana",""
"Pineapples","Pineapples","0","1434 Pineapple Avenue
Melbourne, Florida 32935 United States","Melbourne","Florida","Austin Young"
"Pittsboro Street Fair","Pittsboro Street Fair","3000","40 East Chatham Street
Pittsboro, North Carolina 27312 United States","Pittsboro","North Carolina",""
"Plainridge Park Casino","Plainridge Park Casino","0","301 Washington Street
Plainville, Massachusetts 02762 United States","Plainville","Massachusetts",""
"Playland Park Rye","Playland Park Rye","1000","1 Playland Parkway
Rye, New York 10580 United States","Rye","New York","Josh Cohen"
"Plymouth Memorial Hall","Plymouth Memorial Hall","1500","83 Court Street
Plymouth, Massachusetts 02360 United States","Plymouth","Massachusetts",""
"Port City Marina","Marina Grill (18 Harnett Street), Port City Marina, The Pier at Port City Marina","277","10 Harnett Street
Wilmington, North Carolina 28401 United States","Wilmington","North Carolina",""
"Portland House Of Music and Events (HOME)","Portland House Of Music and Events (HOME)","0","25 Temple Street
Portland, Maine 04101 United States","Portland","Maine",""
"Poseidon","Poseidon","400","38 Shelter Cove Lane
Hilton Head Island, South Carolina 29928 United States","Hilton Head Island","South Carolina",""
"Powder Ridge Mountain Park & Resort","Powder Ridge Mountain Park & Resort","1000","99 Powder Hill Road
Middlefield, Connecticut 06455 United States","Middlefield","Connecticut",""
"Powder Ridge Mountain Park & Resort","Powder Ridge Mountain Park & Resort","0","99 Powder Hill Road
Middlefield, Connecticut 06455 United States","Middlefield","Connecticut",""
"Preservation Pub","Preservation Pub","0","28 Market Square
Knoxville, Tennessee 37902 United States","Knoxville","Tennessee",""
"Prisma Health Amphitheater at Moore Park","Prisma Health Amphitheater","500","7507 Eastview Drive
Irmo, South Carolina 29063 United States","Irmo","South Carolina",""
"Private Event (Berkley, MA)","Private Residence","250","118 Bayview Avenue
Berkley, Massachusetts 02779 United States","Berkley","Massachusetts",""
"Private Event (Scituate, MA)","Private Event (Scituate, MA)","200","54 Border Street
Scituate, Massachusetts 02066 United States","Scituate","Massachusetts",""
"Private Event Cape Girardeau M0","Private Event Cape Girardeau MO","200","3193 County Road 645
Cape Girardeau, Missouri 63701 United States","Cape Girardeau","Missouri",""
"Private Event KCOMM","Private Event KCOMM","250","928 Via Lido Nord
Newport Beach, California 92663 United States","Newport Beach","California",""
"Private Party ","Private Party","300","Louisa, Virginia 23093 United States","Louisa","Virginia","Kevin Bearce"
"Private Residence","Private Residence","0","789 Margaritaville Ave S
Hardeeville, South Carolina 29927 United States","Hardeeville","South Carolina",""
"Pro Re Nata","Pro Re Nata","200","6135 Rockfish Gap Turnpike
Crozet, Virginia 22932 United States","Crozet","Virginia",""
"Pryes Brewing Company","Pryes Brewing Company","0","1401 West River Road North
Minneapolis, Minnesota 55411 United States","Minneapolis","Minnesota",""
"Pub Station ","Pub Station (Ballroom)","1000","2502 1st Avenue North
Billings, Montana 59101 United States","Billings","Montana",""
"Public House Lofts","Public House Lofts","130","202 Elk Avenue
Crested Butte, Colorado 81224 United States","Crested Butte","Colorado",""
"Pueblo Chile & Frijoles Festival","Pueblo Chile & Frijoles Festival","2000","211 North Union Avenue
Pueblo, Colorado 81003 United States","Pueblo","Colorado",""
"Pulaski Theatre","Pulaski Theatre","500","14 West Main Street
Pulaski, Virginia 24301 United States","Pulaski","Virginia",""
"Pumpkinpalooza","Elm St. Youth Softball/Baseball Field","500","11 Elm Street
Lyons, New York 14489 United States","Lyons","New York",""
"Putnam County Golf Course","Indoor Stage, Putnam County Golf Course","2250","187 Hill Street
Mahopac, New York 10541 United States","Mahopac","New York","Mariano Alvarez"
"Putnam Place","Putnam Place","0","63 Putnam Street
Saratoga Springs, New York 12866 United States","Saratoga Springs","New York",""
"Puttery","Puttery","130","210 Rampart Street
Charlotte, North Carolina 28203 United States","Charlotte","North Carolina",""
"Rabbit Hole","Rabbit Hole","300","1801 Commonwealth Avenue
Charlotte, North Carolina 28205 United States","Charlotte","North Carolina","Zack Poe"
"Race Street Live","Race Street Live","474","114 Race Street
Holyoke, Massachusetts 01040 United States","Holyoke","Massachusetts",""
"Racks By The Tracks Festival","Racks By The Tracks Festival","0","308 Clinchfield Street
Kingsport, Tennessee 37660 United States","Kingsport","Tennessee",""
"Ragged Island Brewing Company","Ragged Island Brewing Company","600","54 Bristol Ferry Road
Portsmouth, Rhode Island 02871 United States","Portsmouth","Rhode Island",""
"Ragin Cajun Cafe ","Ragin Cajun Cafe","500","525 South Pacific Coast Highway
Redondo Beach, California 90277 United States","Redondo Beach","California",""
"Rai's Rendezvous","Rai's Rendezvous","300","44042 Pipeline Plaza
Ashburn, Virginia 20147 United States","Ashburn","Virginia",""
"Raintree Country Club","Raintree Country Club","0","8600 Raintree Lane
Charlotte, North Carolina 28277 United States","Charlotte","North Carolina",""
"Rams Head Live","Rams Head Live","0","20 Market Place
Baltimore, Maryland 21202 United States","Baltimore","Maryland",""
"Ramsdell Regional Center for the Arts","Ramsdell Regional Center for the Arts","0","101 Maple Street
Manistee, Michigan 49660 United States","Manistee","Michigan",""
"Rancho Relaxo","Rancho Relaxo","80","127 Chase Lane
Dale, Texas 78616 United States","Dale","Texas",""
"Rascals ","Rascals","500","70 James Street
Worcester, Massachusetts 01603 United States","Worcester","Massachusetts","Frank Pupillo"
"Raue Center For The Arts","Raue Center For The Arts","750","26 North Williams Street
Crystal Lake, Illinois 60014 United States","Crystal Lake","Illinois",""
"Rayne Drop Inn II","Rayne Drop Inn II - Indoor Stage, Rayne Drop Inn II - Outdoor Stage","400","7711 Route 119 Highway North
Marion Center, Pennsylvania 15759 United States","Marion Center","Pennsylvania",""
"Rebekah Park","Rebekah Park","0","115 North Co Road 80 Northeast
Greensburg, Indiana 47240 United States","Greensburg","Indiana",""
"Rebel Lounge PHX","Rebel Lounge","0","2303 East Indian School Road
Phoenix, Arizona 85016 United States","Phoenix","Arizona",""
"Reggae Fest Cleveland","Reggae Fest Cleveland","0","1392 SOM Center Road
Cleveland, Ohio 44124 United States","Cleveland","Ohio",""
"Rehoboth Beach Bandstand ","Rehoboth Beach Bandstand","500","8 Rehoboth Avenue
Rehoboth Beach, Delaware 19971 United States","Rehoboth Beach","Delaware",""
"Reiter Park","Reiter Park Strawberry Festival","0","311 West Warren Avenue
Longwood, Florida 32750 United States","Longwood","Florida",""
"Renaissance Atlanta Waverly Hotel & Convention Center","Renaissance Atlanta Waverly Hotel & Convention Center","2000","2450 Galleria Parkway
Atlanta, Georgia 30339 United States","Atlanta","Georgia",""
"Reserve Cut","Reserve Cut","0","40 Broad Street
New York, New York 10004 United States","New York","New York",""
"Resorts World Bimini Resort and Marina","Resorts World Bimini Resort and Marina","300","PPX9+4FF
Bailey Town The Bahamas","Bailey Town","",""
"Reston Station","Reston Station","3000","1901 Reston Metro Plaza
Reston, Virginia 20190 United States","Reston","Virginia",""
"Retro Junkies","Retro Junkies","200","2112 North Main Street
Walnut Creek, California 94596 United States","Walnut Creek","California",""
"Revel","Revel","200","242 Forbes Avenue
Pittsburgh, Pennsylvania 15222 United States","Pittsburgh","Pennsylvania",""
"Revolution Hall","Revolution Hall","0","1300 Southeast Stark Street
Portland, Oregon 97214 United States","Portland","Oregon",""
"Revolution Live","Revolution Live","1100","100 Southwest 3rd Avenue
Fort Lauderdale, Florida 33312 United States","Fort Lauderdale","Florida",""
"Revolution Music Room (The Rev Room)","Revolution Music Room (The Rev Room)","550","300 President Clinton Avenue
Little Rock, Arkansas 72201 United States","Little Rock","Arkansas",""
"Rex Theater","Rex Theater","300","113 East Grayson Street
Galax, Virginia 24333 United States","Galax","Virginia",""
"Rialto Square Theatre","Rialto Square Theatre","0","102 North Chicago Street
Joliet, Illinois 60432 United States","Joliet","Illinois",""
"Rialto Theatre","Rialto Theatre","1300","318 East Congress Street
Tucson, Arizona 85701 United States","Tucson","Arizona",""
"Rialto Theatre","Rialto Theatre","1165","5723 Avenue du Parc
Montréal, Québec H2V 4H2 Canada","Montréal","Québec",""
"Richey Suncoast Theater ","Suncoast Richey Theater","200","6237 Grand Boulevard
New Port Richey, Florida 34652 United States","New Port Richey","Florida","Doug D Jones"
"Richlands Police Department","Richlands Police Department","300","1851 Cranwell Drive
Richlands, Virginia 24641 United States","Richlands","Virginia",""
"Richmond Music Hall","Richmond Music Hall","0","619 East Main Street
Richmond, Virginia 23219 United States","Richmond","Virginia","Lucas Fritz"
"Riptide Bar","Riptide Bar","200","2571-2609 North Boardwalk
Ocean City, Maryland 21842 United States","Ocean City","Maryland",""
"River Club","River Club","0","78 Border Street
Scituate, Massachusetts 02066 United States","Scituate","Massachusetts",""
"River Street Jazz Cafe","River Street Jazz Cafe","400","667 North River Street
Plains, Pennsylvania 18705 United States","Plains","Pennsylvania",""
"Riverfest Eden NC","Kingsway Plaza","2000","220 West Kings Highway
Eden, North Carolina 27288 United States","Eden","North Carolina",""
"Riverfront Live","Riverfront Live","1300","4343 Kellogg Avenue
Cincinnati, Ohio 45226 United States","Cincinnati","Ohio","Tim Jordan"
"Riverfront Nights","Riverfront Nights","0","201 Riverfront Parkway
Chattanooga, Tennessee 37402 United States","Chattanooga","Tennessee","Mike Dougher, Trevor Boyd"
"RiversEdge Amphitheater","RiversEdge Amphitheater","3000","116 Dayton Street
Hamilton, Ohio 45011 United States","Hamilton","Ohio",""
"Riverside Casino","Riverside Casino","1000","3184 Iowa 22
Riverside, Iowa 52327 United States","Riverside","Iowa",""
"Riverside Golf Club & Banquet Center","Riverside Golf Club & Banquet Center","300","245 East Columbia Avenue
Battle Creek, Michigan 49015 United States","Battle Creek","Michigan","Kyle Mikolajczyk"
"Riverside Municipal Auditorium","Riverside Municipal Auditorium","1900","3485 Mission Inn Avenue
Riverside, California 92501 United States","Riverside","California",""
"Riverside Park","Riverside Park","0","753 Park Street
Jacksonville, Florida 32204 United States","Jacksonville","Florida",""
"Riverside Park ","Riverside Park","0","100 West Water Street
Rushville, Indiana 46173 United States","Rushville","Indiana",""
"Riverwalk Landing","Riverwalk Landing","2000","331 Water Street
Yorktown, Virginia 23690 United States","Yorktown","Virginia",""
"Riviera Theatre","Riviera Theatre","1140","67 Webster Street
North Tonawanda, New York 14120 United States","North Tonawanda","New York",""
"Roanoke College (Private Event)","Roanoke College (Private Event)","500","221 College Lane
Salem, Virginia 24153 United States","Salem","Virginia",""
"Robins Theatre","Robins Theatre","0","160 East Market Street
Warren, Ohio 44481 United States","Warren","Ohio",""
"Rochester Opera House","Rochester Opera House","750","31 Wakefield Street
Rochester, New Hampshire 03867 United States","Rochester","New Hampshire",""
"Rock And Roll San Diego","Rock And Roll San Diego","10000","3360 Sports Arena Boulevard
San Diego, California 92110 United States","San Diego","California",""
"Rock at the Clock ","Rock at the Clock","1000","205 North 1st Street
Easley, South Carolina 29640 United States","Easley","South Carolina",""
"Rock n Roll Salt Lake City ","Library Square","10000","200 East 400 South
Salt Lake City, Utah 84101 United States","Salt Lake City","Utah",""
"Rock n Roll Washington DC","Union Square / National Gallery of Art Library","10000","4th Street Northwest
Washington, District of Columbia United States","Washington","District of Columbia",""
"Rock Row","Rock Row","1000","One Rock Row
Westbrook, Maine 04092 United States","Westbrook","Maine",""
"Rock the Farm ","Rock the Farm","8000","100 Grant Avenue
Seaside Heights, New Jersey 08751 United States","Seaside Heights","New Jersey",""
"Rock Yard","Rock Yard","0","84-245 Indio Springs Parkway
Indio, California 92203 United States","Indio","California",""
"Rockin On The River","Rockin On The River","0","421 Black River Lane
Lorain, Ohio 44052 United States","Lorain","Ohio",""
"Rockin The Yard ","Rockin The Yard","2500","Broad Avenue and 22nd Street
Altoona, Pennsylvania 16601 United States","Altoona ","Pennsylvania",""
"Rocksteady Adventures","Rocksteady Adventures","0","7422 Rock Creek Road
Farmington, California 95230 United States","Farmington","California",""
"Roger Sherman Inn","Roger Sherman Inn","0","195 Oenoke Ridge
New Canaan, Connecticut 06840 United States","New Canaan","Connecticut",""
"Romano's Concert Lounge","Romano's Concert Lounge","0","","","",""
"Romano's Mission Grove","Romano's Mission Grove","0","285 Alessandro Boulevard
Riverside, California 92508 United States","Riverside","California",""
"Roof Garden Ballroom ","Roof Garden Ballroom","0","91 Lake Street
Arnolds Park, Iowa 51331 United States","Arnolds Park","Iowa",""
"Rookies RocHaus","Rookies RocHaus","450","96 West Main Street
West Dundee, Illinois 60118 United States","West Dundee","Illinois",""
"Rosati's Pizza and Sports Pub","Rosati's Pizza and Sports Pub","200","415 Peachtree Parkway
Cumming, Georgia 30041 United States","Cumming","Georgia",""
"Rose Dhu Creek Plantation","Rose Dhu Creek Plantation","300","18 Rose Dhu Creek Plantation
Bluffton, South Carolina 29910 United States","Bluffton","South Carolina",""
"Rose Music Hall","Rose Music Hall","650","1013 Park Avenue
Columbia, Missouri 65201 United States","Columbia","Missouri",""
"Royale","Royale","800","279 Tremont Street
Boston, Massachusetts 02116 United States","Boston","Massachusetts",""
"Rubber Gloves Rehearsal Studio","Rubber Gloves Rehearsal Studio","0","411 East Sycamore Street
Denton, Texas 76205 United States","Denton","Texas",""
"Rusty Rudder","Rusty Rudder","0","113 Dickinson Avenue
Dewey Beach, Delaware 19971 United States","Dewey Beach","Delaware",""
"Sac And Fox Casino","Sac And Fox Casino","0","1322 U.S. 75
Powhattan, Kansas 66527 United States","Powhattan","Kansas",""
"Sailfish Club of Florida","Sailfish Club of Florida","550","1338 North Lake Way
Palm Beach, Florida 33480 United States","Palm Beach","Florida",""
"Saloon Studios & Old West Town","Saloon Studios & Old West Town","0","313 Old West Road
West Jefferson, North Carolina 28694 United States","West Jefferson","North Carolina",""
"Saltville Labor Day Celebration","Saltville Labor Day Celebration","3000","217 Palmer Avenue
Saltville, Virginia 24370 United States","Saltville","Virginia",""
"Salvage Station","Salvage Station","750","468 Riverside Drive
Asheville, North Carolina 28801 United States","Asheville","North Carolina",""
"Sam's Burger Joint","Sam's Burger Joint","450","330 East Grayson Street
San Antonio, Texas 78215 United States","San Antonio","Texas","Erik Christensen"
"San Clemente Pier","San Clemente Pier","1000","611 Avenida Victoria
San Clemente, California 92672 United States","San Clemente","California",""
"Sanctuary","Sanctuary","0","82 Main Street
Maynard, Massachusetts 01754 United States","Maynard","Massachusetts",""
"Santa Fe Station","Santa Fe Station","350","4949 North Rancho Drive
Las Vegas, Nevada 89130 United States","Las Vegas","Nevada",""
"Sarles Street Amphitheater","Starles Street Amphitheater","0","415 Sarles Street
Mount Kisco, New York 10549 United States","Mount Kisco","New York",""
"Sarns Family Resort, Campground, & Marina","Michigan Gems n Genetics","2000","4398 Newcosta Avenue
Morley, Michigan 49336 United States","Morley","Michigan",""
"SC Pecan Music & Food Festival 2024 Event","SC Pecan Music & Food Festival 2024 Event","3000","100 South Dargan Street
Florence, South Carolina 29506 United States","Florence","South Carolina",""
"SC Pecan Music & Food Festival 2025 Event","SC Pecan Music & Food Festival 2025 Event","0","200 South Irby Street
Florence, South Carolina 29501 United States","Florence","South Carolina","Hannah L. Davis"
"SC Strawberry Festival","SC Strawberry Festival","2000","345 North White Street
Fort Mill, South Carolina 29715 United States","Fort Mill","South Carolina",""
"Scandals Live ","Scandals Live","275","3501 Holland Road
Virginia Beach, Virginia 23452 United States","Virginia Beach","Virginia",""
"Schmiggitys","Schmiggitys","200","821 Lincoln Avenue
Steamboat Springs, Colorado 80487 United States","Steamboat Springs","Colorado",""
"Scituate Heritage Days Music Festival","Scituate Heritage Days Music Festival","800","129 Front Street
Scituate, Massachusetts 02066 United States","Scituate","Massachusetts",""
"Scotch Valley Country Club","Scotch Valley Country Club","0","18 Clubhouse Drive
Hollidaysburg, Pennsylvania 16648 United States","Hollidaysburg","Pennsylvania",""
"Scruffy City Hall","Scruffy City Hall","0","18 Market Square
Knoxville, Tennessee 37902 United States","Knoxville","Tennessee",""
"Sea Terrace Community Park ","Sea Terrace Community Park","2000","33501 Niguel Road
Dana Point, California 92629 United States","Dana Point","California",""
"Seacret's ","Seacret's","700","117 49th Street
Ocean City, Maryland 21842 United States","Ocean City","Maryland",""
"SeaLegs at the Beach","SeaLegs at the Beach","1000","17851 Pacific Coast Highway
Huntington Beach, California 92649 United States","Huntington Beach","California",""
"Seed to Table","Seed to Table","0","4835 Immokalee Road
Naples, Florida 34110 United States","Naples","Florida",""
"Sellersville Theater","Sellersville Theater","325","24 West Temple Avenue
Sellersville, Pennsylvania 18960 United States","Sellersville","Pennsylvania","Bruce Ranes"
"Seminole Casino Hotel Immokalee","Seminole Casino Hotel Immokalee","0","506 South 1st Street
Immokalee, Florida 34142 United States","Immokalee","Florida",""
"Seminole Hard Rock Hotel & Casino ","Hard Rock Cafe","500","5223 Orient Road
Tampa, Florida 33610 United States","Tampa","Florida","Jane McKee"
"Seymour Oktoberfest North Stage ","Seymour Oktoberfest North Stage","2000","113 Indianapolis Avenue
Seymour, Indiana 47274 United States","Seymour","Indiana",""
"Shallowford Square","Shallowford Square","0","6555 Shallowford Road
Lewisville, North Carolina 27023 United States","Lewisville","North Carolina",""
"Shamrock Jack's Irish Pub","Shamrock Jack's Tent","750","4554 Culver Road
Rochester, New York 14622 United States","Rochester","New York",""
"Sharon Jones Amphitheatre","Sharon Jones Amphitheatre","1500","1009 Center Street
North Augusta, South Carolina 29841 United States","North Augusta","South Carolina",""
"Shawn Scheller","Montage Music Hall","0","55 Chestnut Street
Rochester, New York 14604 United States","Rochester","New York","Eric Binion"
"Shea Theater Arts Center","Shea Theater Arts Center","300","71 Avenue A
Montague, Massachusetts 01376 United States","Montague","Massachusetts",""
"Shelton Vineyards","Shelton Vineyards","0","286 Cabernet Lane
Dobson, North Carolina 27017 United States","Dobson","North Carolina",""
"Shenorock Shore Club","Shenorock Shore Club","0","475 Stuyvesant Avenue
Rye, New York 10580 United States","Rye","New York",""
"Sherman Village Park","Sherman Village Park Amphitheater","2000","1200 Rail Fence Drive
Sherman, Illinois 62684 United States","Sherman","Illinois",""
"Shorefront Park","Shorefront Park","6500","49 Smith Street
Patchogue, New York 11772 United States","Patchogue","New York",""
"Short Pump Town Center","Short Pump Town Center","0","11800 West Broad Street
Richmond, Virginia 23233 United States","Richmond","Virginia",""
"Shovelhead Lounge","Shovelhead Lounge","0","900 Highway 17
Longwood, Florida 32750 United States","Longwood","Florida",""
"SHU Community Theatre","SHU Community Theatre","490","1420 Post Road
Fairfield, Connecticut 06824 United States","Fairfield","Connecticut",""
"SHU Community Theatre","SHU Community Theatre","500","1420 Post Road
Fairfield, Connecticut 06824 United States","Fairfield","Connecticut",""
"SideTracks","SideTracks","0","3080 West State Street
Bristol, Tennessee 37620 United States","Bristol","Tennessee",""
"Silk Factory","Silk Factory, Silk Factory, Main floor GA, Silk Factory, Main Floor, Seated","875","299 Washington Street
Newburgh, New York 12550 United States","Newburgh","New York","Marissa Saintmire, Joe Leo"
"Silver Spring Country Club","Silver Spring Country Club","0","439 Silver Spring Road
Ridgefield, Connecticut 06877 United States","Ridgefield","Connecticut",""
"Simi Valley Concert Series","Simi Valley Concert Series","0","","","",""
"Sims Park","Sims Park","2500","6341 Bank Street
New Port Richey, Florida 34652 United States","New Port Richey","Florida",""
"Singing Water Vineyards","Singing Water Vineyards","1400","316 Mill Dam Road
Comfort, Texas 78013 United States","Comfort","Texas","Brian Menconi"
"Six String Grill & Stage","Six String Grill & Stage","0","275 Patriot Place
Foxborough, Massachusetts 02035 United States","Foxborough","Massachusetts",""
"Ski Area - Boreal ","Ski Area - Boreal","0","19749 Boreal Ridge Road
Soda Springs, California 95728 United States","Soda Springs","California",""
"SKIPBO Fest ","SKIPBO Fest","500","North Tram Road
Hernando, Florida 32455 United States","Hernando","Florida",""
"Skipper's Smokehouse","Skipper's Smokehouse","650","910 Skipper Road
Tampa, Florida 33613 United States","Tampa","Florida",""
"Skully's Music-Diner","Skully's Music-Diner","500","1151 North High Street
Columbus, Ohio 43201 United States","Columbus","Ohio",""
"Skyline Club","Skyline Club","0","100 Lee Street
West Columbia, South Carolina 29170 United States","West Columbia","South Carolina",""
"SLO Brew ","SLO Brew","0","855 Aerovista Lane
San Luis Obispo, California 93401 United States","San Luis Obispo","California",""
"Slowdown","Slowdown","0","729 North 14th Street
Omaha, Nebraska 68102 United States","Omaha","Nebraska",""
"Smoking Butt Heads BBQ","Smoking Butt Heads BBQ","500","111 West Main Street
Spartanburg, South Carolina 29306 United States","Spartanburg","South Carolina",""
"Smoky Joe's ","Smoky Joe's","100","510 Briar Creek Road
Charlotte, North Carolina 28205 United States","Charlotte","North Carolina",""
"Snow Barn","Snow Barn","300","294 Handle Road
Dover, Vermont 05356 United States","Dover","Vermont",""
"Snowshoe Mountain Resort","Snowshoe Mountain Resort","1000","10 Snowshoe Drive
Snowshoe, West Virginia 26209 United States","Snowshoe","West Virginia",""
"SOB's","SOB's","0","204 Varick Street
New York, New York 10014 United States","New York","New York",""
"Society Garden","Society Garden","0","2389 Ingleside Avenue
Macon, Georgia 31204 United States","Macon","Georgia",""
"Sombrero Festival Headquarters ","Sombrero Festival Headquarters","5000","1 Event Center
Brownsville, Texas 78526 United States","Brownsville","Texas",""
"Sony Hall","Sony Hall","1000","235 West 46th Street
New York, New York 10036 United States","New York","New York","Peter Abraham"
"Sorg Opera House","Sorg Opera House","719","63 South Main Street
Middletown, Ohio 45044 United States","Middletown","Ohio",""
"Sorrento's Stage","Sorrentos Stage","0","140 Azalea Circle Southeast
Banner Elk, North Carolina 28604 United States","Banner Elk","North Carolina",""
"Soundcheck Studios","Soundcheck Studios","0","150 Corporate Park Drive
Pembroke, Massachusetts 02359 United States","Pembroke","Massachusetts",""
"South Shore Music Circus","The Music Circus","2250","130 Sohier Street
Cohasset, Massachusetts 02025 United States","Cohasset","Massachusetts",""
"Southbound Smokehouse","Southbound Smokehouse","200","1009 Center Street
North Augusta, South Carolina 29841 United States","North Augusta","South Carolina",""
"Southern Roots Tavern & Eatery","Southern Roots Tavern & Eatery","0","15 Griffin Street
McDonough, Georgia 30253 United States","McDonough","Georgia",""
"Southernmost Beach Resort (Naval Air Station Key West)","Southernmost Beach Resort (Naval Air Station Key West)","500","1319 Duval Street
Key West, Florida 33040 United States","Key West","Florida",""
"Southport Hall","Southport Hall","0","200 Monticello Avenue  New Orleans, Louisiana 70121 United States","","",""
"Southside Stage ","Southside Stage","1000","830 South Cameron Street
Harrisburg, Pennsylvania 17104 United States","Harrisburg","Pennsylvania",""
"Space Ballroom","Space Ballroom","0","295 Treadwell Street
Hamden, Connecticut 06514 United States","Hamden","Connecticut",""
"Spanish Ballroom at Elks Temple","Spanish Ballroom at Elks Temple","0","565 Broadway
Tacoma, Washington 98402 United States","Tacoma","Washington",""
"Sparacia Witherell Family Winery & Vineyards","Sparacia Witherell Family Winery & Vineyards","400","21509 Snow Hill Road
Brooksville, Florida 34601 United States","Brooksville","Florida",""
"Spartanburg Spring Fling ","Spartanburg Spring Fling","1000","100 Spring Street
Spartanburg, South Carolina 29301 United States","Spartanburg","South Carolina",""
"Speaking Rock","Speaking Rock","0","122 South Old Pueblo Road
El Paso, Texas 79907 United States","El Paso","Texas",""
"Spire Center for Performing Arts","Spire Center for Performing Arts","275","25 1/2 Court Street
Plymouth, Massachusetts 02360 United States","Plymouth","Massachusetts",""
"Spokes and Bones","Spokes and Bones","2500","2340 U.S. 17 Business
Murrells Inlet, South Carolina 29576 United States","Murrells Inlet","South Carolina",""
"Spring Follies","Spring Follies","3000","136 East Mountain Street
Kernersville, North Carolina 27284 United States","Kernersville","North Carolina",""
"St. Albans City Park","St. Albans City Park","1000","931 Observatory Drive
Saint Albans, West Virginia 25177 United States","Saint Albans","West Virginia",""
"St. Andrew's Hall","St. Andrew's Hall","0","27995 Halsted Road
Farmington Hills, Michigan 48331 United States","Farmington Hills","Michigan",""
"St. Kieran Community Center for the Arts","St. Kieran Community Center for the Arts","0","155 Emery Street
Berlin, New Hampshire 03570 United States","Berlin","New Hampshire",""
"Stadium Theatre","Stadium Theatre","1088","28 Monument Square
Woonsocket, Rhode Island 02895 United States","Woonsocket","Rhode Island",""
"Stadtplatz","Stadtplatz","0","10 East Church Street
Bethlehem, Pennsylvania 18018 United States","Bethlehem","Pennsylvania",""
"Stafford Township Arts Center (STAC)","Stafford Theater","800","1000 McKinley Avenue
Stafford Township, New Jersey 08050 United States","Stafford Township","New Jersey",""
"Stage AE","Stage AE","4000","400 North Shore Drive
Pittsburgh, Pennsylvania 15212 United States","Pittsburgh","Pennsylvania",""
"Stallings Municipal Park","Stallings Municipal Park","0","340 Stallings Road
Stallings, North Carolina 28104 United States","Stallings","North Carolina",""
"Stanleys Famous BBQ","Stanleys Famous BBQ","0","525 South Beckham Avenue
Tyler, Texas 75702 United States","Tyler","Texas",""
"Stanta Fe Station Casino ","Stanta Fe Station Casino","0","4949 North Rancho Drive
Las Vegas, Nevada 89130 United States","Las Vegas","Nevada",""
"STAR Centre","STAR Centre","705","700 Congress Avenue
Havre de Grace, Maryland 21078 United States","Havre de Grace","Maryland",""
"Starland Ballroom","Starland Ballroom","1800","570 Jernee Mill Road
Sayreville, New Jersey 08872 United States","Sayreville","New Jersey",""
"Starlight Ranch Event Center","Starlight Ranch Event Center","0","1415 Sunrise Drive
Amarillo, Texas 79104 United States","Amarillo","Texas",""
"State Fare","State Fare","700","748 Frederick Road
Catonsville, Maryland 21228 United States","Catonsville","Maryland",""
"State Street Bandshell","State Street Bandshell","1000","1 State Street
Auburn, New York 13021 United States","Auburn","New York",""
"State Theatre","State Theatre","0","609 Congress Street
Portland, Maine 04101 United States","Portland","Maine",""
"State Theatre Falls Church","State Theatre Falls Church","850","220 North Washington Street
Falls Church, Virginia 22046 United States","Falls Church","Virginia",""
"Station Park","Station Park","0","140 N West Union Avenue
Farmington, Utah 84025 United States","Farmington","Utah",""
"Stix (Ludington)","Stix Ludington","0","1963 North Lakeshore Drive
Ludington, Michigan 49431 United States","Ludington","Michigan",""
"Stock + Grain","Stock + Grain","150","275 North Elm Street
High Point, North Carolina 27262 United States","High Point","North Carolina",""
"Stockroom East","Stockroom East","0","625 East Jefferson Boulevard
South Bend, Indiana 46617 United States","South Bend","Indiana",""
"Stone Cow Brewery","Stone Cow Brewery","0","500 West Street
Barre, Massachusetts 01005 United States","Barre","Massachusetts",""
"Stooges Pub and Grub","Stooges Pub and Grub","0","13230 Albemarle Road
Mint Hill, North Carolina 28227 United States","Mint Hill","North Carolina",""
"Stowe Cider","Stowe Cider","0","17 Town Farm Lane
Stowe, Vermont 05672 United States","Stowe","Vermont",""
"Strand Center for the Arts","Strand Theatre","0","23 Brinkerhoff Street
Plattsburgh, New York 12901 United States","Plattsburgh","New York",""
"Strand Theater","Strand Theater","0","400 Clifton Avenue
Lakewood, New Jersey 08701 United States","Lakewood","New Jersey",""
"Strange Brew Pub","Strange Brew Pub","200","86 Water Street
Norwich, Connecticut 06360 United States","Norwich","Connecticut",""
"Strange Ways Brewing","Strange Ways Brewing","200","350 Lansdowne Road
Fredericksburg, Virginia 22408 United States","Fredericksburg","Virginia",""
"StrangeCreek Campout ","StrangeCreek Campout","1000","1 Health Camp Road
Greenfield, Massachusetts 01301 United States","Greenfield","Massachusetts",""
"Stratton Mountain Resort","Stratton Mountain Resort","0","5 Village Lodge Road
Stratton, Vermont 05155 United States","Stratton","Vermont",""
"Strausstown Rod and Gun","Strausstown Rod and Gun","400","85 Club Road
Bethel, Pennsylvania 19507 United States","Bethel","Pennsylvania",""
"Strummer's Bar & Grill","Strummer's Bar & Grill","0","833 East Fern Avenue
Fresno, California 93728 United States","Fresno","California",""
"Struthers Library Theatre","Struthers Library Theatre","902","302 West 3rd Avenue
Warren, Pennsylvania 16365 United States","Warren","Pennsylvania","Pamela Tidrick"
"Stubbs Park Amphitheater","Stubbs Park Amphitheater","0","255 West Spring Valley Pike
Centerville, Ohio 45458 United States","Centerville","Ohio",""
"Stumptown Park (Matthew's Spring Fest)","Stumptown Park (Matthew's Spring Fest)","0","120 South Trade Street
Matthews, North Carolina 28105 United States","Matthews","North Carolina",""
"Suck Bang Blow","Suck Bang Blow","400","3393 U.S. 17 Business
Murrells Inlet, South Carolina 29576 United States","Murrells Inlet","South Carolina",""
"Suffolk Theater","Suffolk Theater","0","118 East Main Street
Riverhead, New York 11901 United States","Riverhead","New York",""
"Sugarloaf Mountain ","Sugarloaf Mountain, Widowmaker Bar","0","5092 Access Road
Carrabassett Valley, Maine 04947 United States","Carrabassett Valley","Maine",""
"Summer Stage Ski Butternut","Summer StageSki Butternut","1200","380 State Road
Great Barrington, Massachusetts 01230 United States","Great Barrington","Massachusetts",""
"SumTur Amphitheater","SumTur Amphitheater","2500","11691 South 108th Street
Papillion, Nebraska 68046 United States","Papillion","Nebraska",""
"Sun City Carolina Lakes","Sun City Carolina Lakes","3000","1353 Del Webb Boulevard
Fort Mill, South Carolina 29707 United States","Fort Mill","South Carolina",""
"Sunrise Theater","Sunrise Theater","0","250 Northwest Broad Street
Southern Pines, North Carolina 28387 United States","Southern Pines","North Carolina",""
"Sunset Theatre","Sunset Theatre","412","234 Sunset Avenue
Asheboro, North Carolina 27203 United States","Asheboro","North Carolina",""
"Surf Rodeo","Surf Rodeo","3000","10 West Harbor Boulevard
Ventura, California 93001 United States","Ventura","California",""
"Surfside Burger Bar","Surfside Burger Bar","200","41 New Hampshire 25
Meredith, New Hampshire 03253 United States","Meredith","New Hampshire",""
"Susquehanna Valley Event Center","Susquehanna Valley Event Center","0","205 Airport Road
Selinsgrove, Pennsylvania 17870 United States","Selinsgrove","Pennsylvania",""
"Swanee Theatre","Swanee Theatre","300","200 West Avenue
Kannapolis, North Carolina 28081 United States","Kannapolis","North Carolina",""
"Symphony Park","Symphony Park","1000","4400 Sharon Road
Charlotte, North Carolina 28211 United States","Charlotte","North Carolina","Larry Farber"
"T. Furth Center for the Performing Arts","T. Furth Center for the Performing Arts","800","500 West Maumee Street
Angola, Indiana 46703 United States","Angola","Indiana",""
"Taffeta Music Hall","Taffeta Music Hall","0","110 Western Avenue
Lowell, Massachusetts 01851 United States","Lowell","Massachusetts",""
"Tally Ho","Tally Ho","600","19 West Market Street
Leesburg, Virginia 20176 United States","Leesburg","Virginia",""
"Tampa Waterside Marriott","Ballroom","500","505 Water Street
Tampa, Florida 33602 United States","Tampa","Florida",""
"Tang & Biscuit","Tang & Biscuit","1000","3406 West Moore Street
Richmond, Virginia 23230 United States","Richmond","Virginia",""
"Tanka Home","Tanka Home","0","40 Hopewell Trail
Moreland Hills, Ohio 44022 United States","Moreland Hills","Ohio",""
"Tanner Park","Tanner Park","0","400 Baylawn Avenue
Copiague, New York 11726 United States","Copiague","New York",""
"Tarara Summer Concert Series","Tarara Winery","0","13648 Tarara Lane
Leesburg, Virginia 20176 United States","Leesburg","Virginia",""
"Taste of Syracuse","Taste of Syracuse","0","1000 South Clinton Street
Syracuse, New York 13202 United States","Syracuse","New York",""
"Taste Of Westmont","Taste Of Westmont","0","1 South Cass Avenue
Westmont, Illinois 60559 United States","Westmont","Illinois",""
"Tavern Stage at Explore Park ","Tavern Stage at Explore Park","800","1206 Kessler Mill Road
Salem, Virginia 24153 United States","Salem","Virginia",""
"TBD Thornhill ","Thornhill Community Centre","500","7755 Bayview Avenue
Markham, Ontario L3T 6M8 Canada","Markham","Ontario",""
"Teddy O'Brian's","Teddy O'Brian's","0","432 Sheridan Road
Highwood, Illinois 60040 United States","Highwood","Illinois",""
"Tellus 360","Tellus 360","450","24 East King Street
Lancaster, Pennsylvania 17602 United States","Lancaster","Pennsylvania",""
"Temblor Brewing Company","Temblor Brewing Company","0","3200 Buck Owens Boulevard
Bakersfield, California 93308 United States","Bakersfield","California",""
"TempleLive at Cleveland Masonic","TempleLive at Cleveland Masonic","0","3615 Euclid Avenue
Cleveland, Ohio 44115 United States","Cleveland","Ohio",""
"TempleLive at Wichita Scottish Rite Center","TempleLive at Wichita Scottish Rite Center","1000","332 East 1st Street North
Wichita, Kansas 67202 United States","Wichita","Kansas",""
"TempleLive Fort Smith","TempleLive Fort Smith","0","200 North 11th Street
Fort Smith, Arkansas 72901 United States","Fort Smith","Arkansas",""
"Tennessee National Golf Club","Tennessee National Golf Club","2000","8301 Tennesse National Drive
Loudon, Tennessee 37774 United States","Loudon","Tennessee",""
"Tenney Mountain","Tenney Mountain","400","151 Tenney Mountain Road
Plymouth, New Hampshire 03264 United States","Plymouth","New Hampshire",""
"Terminal West","Terminal West","625","887 West Marietta Street Northwest
Atlanta, Georgia 30318 United States","Atlanta","Georgia",""
"Terra Fermata","Terra Fermata","0","26 Southeast 6th Street
Stuart, Florida 34994 United States","Stuart","Florida",""
"Terryville Lions Country Fair","Terryville Lions Country Fair","0","171 Town Hill Road
Terryville, Connecticut 06786 United States","Terryville","Connecticut",""
"The 2300 Arena","The 2300 Arena","0","2300 South Swanson Street
Philadelphia, Pennsylvania 19148 United States","Philadelphia","Pennsylvania",""
"The 8x10","The 8x10","350","10 East Cross Street
Baltimore, Maryland 21230 United States","Baltimore","Maryland",""
"The Abbey Bar at ABC","Abbey Bar","0","50 North Cameron Street
Harrisburg, Pennsylvania 17101 United States","Harrisburg","Pennsylvania","Tyler Barr"
"The Amp Ballantyne","The Amp Ballantyne","5000","11115 Upper Ave
Charlotte, North Carolina 28277 United States","Charlotte","North Carolina",""
"The Armory ","Major R. Owens Health & Wellness Community Center","0","1561 Bedford Avenue
Brooklyn, New York 11225 United States","Brooklyn","New York",""
"The Backlot Entertainment Venue","The Backlot Entertainment Venue","0","11891 Main Street
Akron, New York 14001 United States","Akron","New York",""
"The Barn ","The Barn","0","13 Fort Hill Road
Groton, Connecticut 06340 United States","Groton","Connecticut",""
"The Barrel House","The Barrel House","350","740 Tucker Drive
Maysville, Kentucky 41056 United States","Maysville","Kentucky",""
"The Beachcomber","The Beachcomber","400","1120 Cahoon Hollow Road
Wellfleet, Massachusetts 02667 United States","Wellfleet","Massachusetts",""
"The Beacon Theatre","The Beacon Theatre","0","401 North Main Street
Hopewell, Virginia 23860 United States","Hopewell","Virginia",""
"The Big Dirty ","The Big Dirty","270","844 Olive Street
Eugene, Oregon 97401 United States","Eugene","Oregon",""
"The Black Sheep","The Black Sheep","500","2106 East Platte Avenue
Colorado Springs, Colorado 80909 United States","Colorado Springs","Colorado",""
"The Blind Tiger","The Blind Tiger","0","1819 Spring Garden Street
Greensboro, North Carolina 27403 United States","Greensboro","North Carolina",""
"The Bluebird","The Bluebird","500","216 North Walnut Street
Bloomington, Indiana 47404 United States","Bloomington","Indiana",""
"The Boot","The Boot","900","3750 North Broadway
Geneva, Ohio 44041 United States","Geneva","Ohio",""
"The Broadberry","The Broadberry","0","2729 West Broad Street
Richmond, Virginia 23220 United States","Richmond","Virginia",""
"The Brothers Lounge","Front Stage","80","11609 Detroit Avenue
Cleveland, Ohio 44102 United States","Cleveland","Ohio",""
"The Brown Boxer","Brown Boxer","200","483 Mandalay Avenue
Clearwater, Florida 33767 United States","Clearwater","Florida",""
"The Bullpen at Half Street Fairgrounds","The Bullpen at Half Street Fairgrounds","0","1201 Half Street Southeast
Washington, District of Columbia 20003 United States","Washington","District of Columbia",""
"The Busted Barrel at Old Nick Williams Distillery","The Busted Barrel Cocktail Bar at The Old Nick Williams Distillery","750","2675 Williams Road
Lewisville, North Carolina 27023 United States","Lewisville","North Carolina",""
"The Cabot Theater","The Cabot Theater","0","286 Cabot Street
Beverly, Massachusetts 01915 United States","Beverly","Massachusetts",""
"The Camel","The Camel","250","1621 West Broad Street
Richmond, Virginia 23220 United States","Richmond","Virginia",""
"The Canal Club","The Canal Club, The Canal Club (Downstairs)","470","1545 East Cary Street
Richmond, Virginia 23219 United States","Richmond","Virginia",""
"The Cantab Lounge","The Cantab Lounge","0","738 Massachusetts Avenue
Cambridge, Massachusetts 02139 United States","Cambridge","Massachusetts",""
"The Canyon Agoura Hills","The Canyon Agoura Hills","600","28912 Roadside Drive
Agoura Hills, California 91301 United States","Agoura Hills","California",""
"The Canyon Montclair","The Canyon Montclair","0","5060 E North Montclair Plaza Lane
Montclair, California 91763 United States","Montclair","California",""
"The Canyon Santa Clarita","The Canyon Santa Clarita","638","24201 Valencia Boulevard
Santa Clarita, California 91355 United States","Santa Clarita","California",""
"The Capitol Theatre","Garcia's, The Capitol Theater","2050","149 Westchester Avenue
Port Chester, New York 10573 United States","Port Chester","New York","Josh Cohen"
"The Cary Theater","The Cary Theater","175","122 East Chatham Street
Cary, North Carolina 27511 United States","Cary","North Carolina",""
"The Casino @ Dania Beach","The Casino @ Dania Beach","728","301 East Dania Beach Boulevard
Dania Beach, Florida 33004 United States","Dania Beach","Florida",""
"The Castle Theatre","The Castle Theatre","800","209 East Washington Street
Bloomington, Illinois 61701 United States","Bloomington","Illinois",""
"The Catalyst","The Catalyst","350","1011 Pacific Avenue
Santa Cruz, California 95060 United States","Santa Cruz","California",""
"The Caverns","The Caverns - GA, The Caverns - Seated","2050","555 Charlie Roberts Road
Pelham, Tennessee 37366 United States","Pelham","Tennessee","Joe Lurgio"
"The Cellar at Pittsburgh Winery","The Cellar at Pittsburgh Winery","300","2809 Penn Avenue
Pittsburgh, Pennsylvania 15222 United States","Pittsburgh","Pennsylvania",""
"The Charleston Pour House","The Charleston Pour House","450","1977 Maybank Highway
Charleston, South Carolina 29412 United States","Charleston","South Carolina",""
"The Charlestown Rathskeller","The Charlestown Rathskeller","750","489A Old Coach Road
Charlestown, Rhode Island 02813 United States","Charlestown","Rhode Island",""
"The Chicken Box","The Chicken Box","0","16 Dave Street
Nantucket, Massachusetts 02554 United States","Nantucket","Massachusetts",""
"The Clayton Center","The Clayton Center","0","111 East 2nd Street
Clayton, North Carolina 27520 United States","Clayton","North Carolina",""
"The Clubhouse Bar & Grill","The Clubhouse Bar & Grill","125","1 Hastings Court
Charlestown, New Hampshire 03603 United States","Charlestown","New Hampshire",""
"The Clubhouse Sports Bar & Grill","The Clubhouse Sports Bar & Grill","0","708 Crowell Lane
Lynchburg, Virginia 24502 United States","Lynchburg","Virginia",""
"The Clyde Theatre","The Clyde Theatre","2330","1808 Bluffton Road
Fort Wayne, Indiana 46809 United States","Fort Wayne","Indiana",""
"The Collective Encore","The Collective Encore","0","10221 Wincopin Circle
Columbia, Maryland 21044 United States","Columbia","Maryland",""
"The Concourse ","The Concourse","1000","4328 North Broadway
Knoxville, Tennessee 37917 United States","Knoxville","Tennessee","Preston Bonner"
"The Crafthouse Stage and Grill","The Crafthouse Stage and Grill","350","5024 Curry Road
Pittsburgh, Pennsylvania 15236 United States","Pittsburgh","Pennsylvania",""
"The Cubby Bear Chicago","The Cubby Bear Chicago","400","1059 West Addison Street
Chicago, Illinois 60613 United States","Chicago","Illinois",""
"The Depot Amphitheater ","Depot Amphitheater","0","2828 Cherokee Street Northwest
Kennesaw, Georgia 30144 United States","Kennesaw","Georgia",""
"The Depot Salt Lake","The Depot Salt Lake","1200","13 North 400 West
Salt Lake City, Utah 84101 United States","Salt Lake City","Utah",""
"The District Center For The Arts","The District Center For The Arts","250","15 Court Street
Taunton, Massachusetts 02780 United States","Taunton","Massachusetts",""
"The District Redlands CA","The District","0","19 East Citrus Avenue
Redlands, California 92373 United States","Redlands","California",""
"The Double E Performance Center","The Double E Performance Center","1000","21 Essex Way
Essex, Vermont 05452 United States","Essex","Vermont",""
"The Dunn Center ","The Dunn Center","7300","3400 North Wesleyan Boulevard
Rocky Mount, North Carolina 27804 United States","Rocky Mount","North Carolina",""
"The Eagle's Dare","The Eagle's Dare","700","420 North 3rd Street
Wilmington, North Carolina 28401 United States","Wilmington","North Carolina",""
"The Echo Lounge & Music Hall","The Echo Lounge & Music Hall","0","1323 North Stemmons Freeway
Dallas, Texas 75207 United States","Dallas","Texas",""
"The Electric Co.","The Electric Co.","300","1400 West 4th Street
Ontario, Ohio 44903 United States","Ontario","Ohio",""
"The ELM","The ELM","1100","506 North 7th Avenue
Bozeman, Montana 59715 United States","Bozeman","Montana",""
"The Empty Pint","The Stage at The Empty Pint","300","2072 Stoneman Circle
Lakewood, New York 14750 United States","Lakewood","New York",""
"The Englewood","The Englewood","0","1219 West End Avenue
Hershey, Pennsylvania 17036 United States","Hershey","Pennsylvania",""
"The Farm at Glen Haven","The Farm at Glen Haven","0","4301 Longdale Furnace Road
Clifton Forge, Virginia 24422 United States","Clifton Forge","Virginia",""
"The Fillmore Charlotte","The Fillmore Charlotte","0","820 Hamilton Street
Charlotte, North Carolina 28206 United States","Charlotte","North Carolina",""
"The Floridian Social","The Floridian Social","0","687 Central Avenue North
St. Petersburg, Florida 33701 United States","St. Petersburg","Florida",""
"The Flying Monkey","The Flying Monkey","486","39 Main Street
Plymouth, New Hampshire 03264 United States","Plymouth","New Hampshire",""
"The Foundry","The Foundry","800","1010 East Main Street
Waynesboro, Virginia 22980 United States","Waynesboro","Virginia",""
"The Foundry","The Foundry","250","1831 Columbus Road
Cleveland, Ohio 44113 United States","Cleveland","Ohio",""
"The Fox Theatre","The Fox Theatre","0","1135 13th Street
Boulder, Colorado 80302 United States","Boulder","Colorado",""
"The Garage at Lucy’s","The Garage at Lucy’s","135","446 Bedford Road
Pleasantville, New York 10570 United States","Pleasantville","New York","Duke Covone"
"The Garden Club at Wild Heaven West End","The Garden Club at Wild Heaven West End","450","1010 White Street Southwest
Atlanta, Georgia 30310 United States","Atlanta","Georgia",""
"The Geneseo Riviera","The Geneseo Riviera","270","4 Center Street
Geneseo, New York 14454 United States","Geneseo","New York",""
"The Glove Theatre","The Glove Theatre","250","42 North Main Street
Gloversville, New York 12078 United States","Gloversville","New York","Kathleen Perrott"
"The Goat","The Goat","600","50 Old Granite Street
Manchester, New Hampshire 03101 United States","Manchester","New Hampshire",""
"The Golden Road","The Golden Road","0","3560 Dorr Street
Toledo, Ohio 43607 United States","Toledo","Ohio",""
"The Granada Theatre","The Granada Theatre","0","108 North 9th Street
Mount Vernon, Illinois 62864 United States","Mount Vernon","Illinois",""
"The Greenwich Odeum","The Greenwich Odeum","470","59 Main Street
East Greenwich, Rhode Island 02818 United States","East Greenwich","Rhode Island",""
"The Grey Eagle","The Grey Eagle","550","185 Clingman Avenue
Asheville, North Carolina 28801 United States","Asheville","North Carolina",""
"The Griffin Opera House","The Griffin Opera House","0","102 North Hill Street
Griffin, Georgia 30223 United States","Griffin","Georgia",""
"The Groove Music Hall","The Groove Music Hall","0","6501 Dominion Raceway Avenue
Woodford, Virginia 22580 United States","Woodford","Virginia",""
"The Hall @ Fargo Brewing ","The Hall @ Fargo Brewing","2000","610 South University Drive
Fargo, North Dakota 58103 United States","Fargo","North Dakota",""
"The Hamilton Live","The Hamilton Live","0","600 14th Street Northwest
Washington, District of Columbia 20005 United States","Washington","District of Columbia",""
"The Hangar","The Hangar","0","1011-1165 Arlington Drive
Costa Mesa, California 92626 United States","Costa Mesa","California",""
"The Hangout","The Hangout","0","101 East Beach Boulevard
Gulf Shores, Alabama 36542 United States","Gulf Shores","Alabama",""
"The Hermitage Club","The Hermitage Club","300","183 Gatehouse Trail
Wilmington, Vermont 05363 United States","Wilmington","Vermont",""
"The Historic Kallet Theater on the River","Kallet Theater","801","4842 Jefferson Street
Pulaski, New York 13142 United States","Pulaski","New York",""
"The Historic North Theatre","North Theatre (Danville)","200","629 North Main Street
Danville, Virginia 24540 United States","Danville","Virginia",""
"The Holding Company ","The Holding Company","300","5046 Newport Avenue
San Diego, California 92107 United States","San Diego","California",""
"The Hum","The Hum","1000","263 2nd Avenue Southwest
Hickory, North Carolina 28602 United States","Hickory","North Carolina",""
"The Inn","The Inn","300","943 West Beech Street
Long Beach, New York 11561 United States","Long Beach","New York",""
"The Intersection","Elevation, Main Stage, The Stache, The Stache","3100","133 Cesar E. Chavez Avenue Southwest
Grand Rapids, Michigan 49503 United States","Grand Rapids","Michigan",""
"The Jameson Pub","The Jameson Pub","250","675 Main Street
Watertown, Connecticut 06795 United States","Watertown","Connecticut","Robert Perri"
"The Jefferson Theater","The Jefferson Theater","0","110 East Main Street
Charlottesville, Virginia 22902 United States","Charlottesville","Virginia",""
"The Key West Amphitheater","The Key West Amphitheater","3500","21 Quay Road
Key West, Florida 33040 United States","Key West","Florida",""
"The KING of CLUBS","The KING of CLUBS","850","6252 Busch Boulevard
Columbus, Ohio 43229 United States","Columbus","Ohio",""
"The Lamb House","The Lamb House","800","347 Lakeview Drive
Morgantown, West Virginia 26508 United States","Morgantown","West Virginia",""
"The Lamp Theatre","The Lamp Theatre","0","222 Main Street
Irwin, Pennsylvania 15642 United States","Irwin","Pennsylvania",""
"The Landing at The Boathouse","The Landing at The Boathouse","0","201 Fantasy Harbour Boulevard
Myrtle Beach, South Carolina 29579 United States","Myrtle Beach","South Carolina",""
"The Landis Theater","The Landis Theater","669","830 East Landis Avenue
Vineland, New Jersey 08360 United States","Vineland","New Jersey","Ray Mamrak"
"The Landis Theater","The Landis Theater","675","830 East Landis Avenue
Vineland, New Jersey 08360 United States","Vineland","New Jersey","Ray Mamrak"
"The Lawrence Welk Resort Theatre","The Lawrence Welk Resort Theatre","300","8860 Lawrence Welk Drive
Escondido, California 92026 United States","Escondido","California",""
"The Lerner Theater","The Lerner Theater","0","410 South Main Street
Elkhart, Indiana 46516 United States","Elkhart","Indiana",""
"The Lighthouse","The Lighthouse","200","30 Pier Avenue
Hermosa Beach, California 90254 United States","Hermosa Beach","California",""
"The Lime","The Lime","0","8544 122nd Avenue Northeast
Kirkland, Washington 98033 United States","Kirkland","Washington",""
"The Lincoln Theatre","The Lincoln Theatre","0","117 East Main Street
Marion, Virginia 24354 United States","Marion","Virginia",""
"The Local Shacks at Austin Ranch","The Local Shacks at Austin Ranch","500","5812 Windhaven Parkway
The Colony, Texas 75056 United States","The Colony","Texas",""
"The Loft Bar & Grill","The Loft Bar & Grill","250","10131 North Citrus Avenue
Crystal River, Florida 34428 United States","Crystal River","Florida",""
"The Lonesome Dove","The Lonesome Dove","250","1127 Farm to Market 2025
Cleveland, Texas 77328 United States","Cleveland","Texas","Lorrie Morgensen"
"The Ludlow Garage","The Ludlow Garage","0","342 Ludlow Avenue
Cincinnati, Ohio 45220 United States","Cincinnati","Ohio",""
"The Lyric Theater Blue Island","The Lyric Theater Blue Island","0","12952 Western Avenue
Blue Island, Illinois 60406 United States","Blue Island","Illinois",""
"The Machine Shop Concert Lounge","The Machine Shop Concert Lounge","550","3539 Dort Highway
Flint, Michigan 48507 United States","Flint","Michigan",""
"The Main Course","The Main Course","350","1626 Main Street
Columbia, South Carolina 29201 United States","Columbia","South Carolina",""
"The Main Street Theatre","The Main Street Theatre","0","5 North Main Street
Columbiana, Ohio 44408 United States","Columbiana","Ohio",""
"The Majestic","The Majestic","0","817 Garrison Avenue
Fort Smith, Arkansas 72901 United States","Fort Smith","Arkansas",""
"The Marquee","The Marquee","250","1225 4th Street
Sioux City, Iowa 51101 United States","Sioux City","Iowa",""
"The Masquerade","The Masquerade","650","50 Lower Alabama Street
Atlanta, Georgia 30303 United States","Atlanta","Georgia",""
"The Mauch Chunk Opera House","The Mauch Chunk Opera House","350","14 West Broadway
Jim Thorpe, Pennsylvania 18229 United States","Jim Thorpe","Pennsylvania","Vincent DeGiosio"
"The Mercury Lounge","The Mercury Lounge","0","217 East Houston Street
New York, New York 10002 United States","New York","New York",""
"The Merry Widow","The Merry Widow","0","51 South Conception Street
Mobile, Alabama 36602 United States","Mobile","Alabama",""
"The Met ","The Met","400","1005 Main Street
Pawtucket, Rhode Island 02860 United States","Pawtucket","Rhode Island",""
"The Mill Amphitheater","The Mill Amphitheater","0","106 Temple Street
Villa Rica, Georgia 30180 United States","Villa Rica","Georgia",""
"The Missing Link","The Missing Link","800","504 Texas Street
Shreveport, Louisiana 71101 United States","Shreveport","Louisiana",""
"The Monument","The Monument","420","186 North Loudoun Street
Winchester, Virginia 22601 United States","Winchester","Virginia",""
"The Moon","The Moon","740","1105 East Lafayette Street
Tallahassee, Florida 32301 United States","Tallahassee","Florida",""
" The Morada (Private Event)","The Morada","0","63425 Kelly Circle
Joshua Tree, California 92252 United States","Joshua Tree","California",""
"The Morrisette Post 294","The Morrisette Post 294","0","81 Liberty Street
Quincy, Massachusetts 02169 United States","Quincy","Massachusetts",""
"The Mountain at Thunder Valley ","The Mountain at Thunder Valley","500","250 North Raceway Villa Drive
Bristol, Tennessee 37620 United States","Bristol","Tennessee",""
"The Murphy Theatre","The Murphy Theatre","682","50 West Main Street
Wilmington, Ohio 45177 United States","Wilmington","Ohio",""
"The Music Room","The Music Room Cap Cod","88","541 West Yarmouth Road
Yarmouth, Massachusetts 02673 United States","Yarmouth","Massachusetts","Bobbi Llewellyn"
"The Music Yard at SouthBound","The Music Yard at SouthBound","0","2433 South Boulevard
Charlotte, North Carolina 28203 United States","Charlotte","North Carolina",""
"The Newberry","The Newberry","900","420 Central Avenue
Great Falls, Montana 59401 United States","Great Falls","Montana",""
"The Newton Theatre","The Newton Theatre","0","234 Spring Street
Newton, New Jersey 07860 United States","Newton","New Jersey",""
"The Nile Bakersfield","The Nile Bakersfield","700","1721 9th Street
Bakersfield, California 93304 United States","Bakersfield","California",""
"The Oaks Theater","The Oaks Theater","350","310 Allegheny River Boulevard
Oakmont, Pennsylvania 15139 United States","Oakmont","Pennsylvania",""
"The Orange Peel","The Orange Peel","1050","101 Biltmore Avenue
Asheville, North Carolina 28801 United States","Asheville","North Carolina",""
"The Original Mother's","The Original Mother's","0","26 West Division Street
Chicago, Illinois 60610 United States","Chicago","Illinois",""
"The Orpheum Theater","The Orpheum Theater","0","15 West Aspen Avenue
Flagstaff, Arizona 86001 United States","Flagstaff","Arizona",""
"The Outskirts Sports Bar & Grill","The Outskirts Sports Bar & Grill","300","5736 Veterans Parkway
Columbus, Georgia 31904 United States","Columbus","Georgia",""
"The Pageant","The Pageant","2300","6161 Delmar Boulevard
St. Louis, Missouri 63112 United States","St. Louis","Missouri",""
"The Park at Austin Landing","The Park at Austin Landing","1000","10400 Innovation Drive
Miamisburg, Ohio 45342 United States","Miamisburg","Ohio",""
"The Pavilion at Old School Square","The Pavilion at Old School Square","1000","51 North Swinton Avenue
Delray Beach, Florida 33444 United States","Delray Beach","Florida",""
"The Place Theatre ","The Place Theatre","0","21 West Otterman Street
Greensburg, Pennsylvania 15601 United States","Greensburg","Pennsylvania",""
"The Playground Golf and Sports Bar","The Playground Golf and Sports Bar","470","6355 Jessie Lane
Clemmons, North Carolina 27012 United States","Clemmons","North Carolina",""
"The Pour House","The Pour House","0","525 Pine Street
Paso Robles, California 93446 United States","Paso Robles","California",""
"The Pour House Music Hall & Record Shop","The Pour House Music Hall & Record Shop","289","224 South Blount Street
Raleigh, North Carolina 27601 United States","Raleigh","North Carolina",""
"The Premier","The Premier","640","109 11th Street Northwest
Hickory, North Carolina 28601 United States","Hickory","North Carolina",""
"The Prescott","The Prescott","800","379 Preston Street
Ottawa, Ontario K1S 4N1 Canada","Ottawa","Ontario",""
"The Pyramid Scheme","The Pyramid Scheme","420","68 Commerce Avenue Southwest
Grand Rapids, Michigan 49503 United States","Grand Rapids","Michigan",""
"The Queen","Main Hall, The Crown Room, The Queen","1085","500 North Market Street
Wilmington, Delaware 19801 United States","Wilmington","Delaware",""
"The Radio Room","The Radio Room","500","28 Liberty Lane
Greenville, South Carolina 29607 United States","Greenville","South Carolina",""
"The Radio Room (New Location)","The Radio Room (New Location)","490","28 Liberty Lane
Greenville, South Carolina 29607 United States","Greenville","South Carolina",""
"The Ramkat","The Ramkat","1000","170 West 9th Street
Winston-Salem, North Carolina 27101 United States","Winston-Salem","North Carolina",""
"The Ranch Concert Hall & Saloon","The Ranch Concert Hall & Saloon","0","2158 Colonial Boulevard
Fort Myers, Florida 33907 United States","Fort Myers","Florida",""
"The Range","The Range","0","119 East State Street
Ithaca, New York 14850 United States","Ithaca","New York",""
"The Reckless Shepherd","The Reckless Shepherd","750","8895 McGaw Road
Columbia, Maryland 21045 United States","Columbia","Maryland",""
"The Rex Theatre","The Rex Theatre","0","23 Amherst Street
Manchester, New Hampshire 03101 United States","Manchester","New Hampshire",""
"The Rialto ","The Rialto (Bozeman MT)","440","10 West Main Street
Bozeman, Montana 59715 United States","Bozeman","Montana",""
"The Ritz","The Ritz","0","400 South 1st Street
San Jose, California 95113 United States","San Jose","California",""
"The Ritz Theater","The Ritz Theater","700","222 Wyoming Avenue
Scranton, Pennsylvania 18503 United States","Scranton","Pennsylvania",""
"The Rockaway Hotel + Spa","The Rockaway Hotel + Spa","500","108-10 Rockaway Beach Drive
Queens, New York 11694 United States","Queens","New York",""
"The Rooster ","The Rooster","175","334 West Main Avenue
Gastonia, North Carolina 28052 United States","Gastonia","North Carolina",""
"The Rose and Alfred Miniaci Performing Arts Center","The Rose and Alfred Miniaci Performing Arts Center","500","3100 Ray Ferrero Junior Boulevard
Davie, Florida 33314 United States","Davie","Florida",""
"The Roxy","The Roxy","350","40 Mill Plain Road
Danbury, Connecticut 06811 United States","Danbury","Connecticut","Rob Campisi, Rob Campisi"
"The Roxy Rochester","The Roxy Rochester","375","401 Walnut Boulevard
Rochester, Michigan 48307 United States","Rochester","Michigan","Glenn Wilhelm"
"The Royal Grove","The Royal Grove","400","340 West Cornhusker Highway
Lincoln, Nebraska 68521 United States","Lincoln","Nebraska",""
"The Russell Theatre","The Russell Theatre","0","112 West Main Street
Lebanon, Virginia 24266 United States","Lebanon","Virginia","Shane Farmer"
"The Salisbury Center","The Salisbury Center","700","8890 Mathis Avenue
Manassas, Virginia 20110 United States","Manassas","Virginia",""
"The Sandbox at Seastreak Beach","The Sandbox at Seastreak Beach","0","325 Shore Drive
Highlands, New Jersey 07732 United States","Highlands","New Jersey",""
"The Seaside Club (Private Event)","The Seaside Club (Private Event)","0","3133 Oceanic Drive
Saint James, North Carolina 28461 United States","Saint James","North Carolina",""
"The Senate","The Senate","0","1022 Senate Street
Columbia, South Carolina 29201 United States","Columbia","South Carolina",""
"The Sherman Theater","The Sherman Theater","1100","524 Main Street
Stroudsburg, Pennsylvania 18360 United States","Stroudsburg","Pennsylvania",""
"The Shore Club At Tega Cay","The Shore Club At Tega Cay","0","15083 Molokai Drive
Tega Cay, South Carolina 29708 United States","Tega Cay","South Carolina",""
"The Shrine","The Shrine","0","112 East 18th Street
Tulsa, Oklahoma 74119 United States","Tulsa","Oklahoma","Donnie Rich"
"The Siren","The Siren","0","900 Main Street
Morro Bay, California 93442 United States","Morro Bay","California",""
"The Skagit Casino Resort","The Skagit Casino Resort","0","5984 Darrk Lane
Bow, Washington 98232 United States","Bow","Washington","Lexi Macht"
"The Skydeck","The Skydeck","150","8 Beeman Street
Canandaigua, New York 14424 United States","Canandaigua","New York","Pete Fabbio"
"The Song & Dance","The Song & Dance","400","115 East Jefferson Street
Syracuse, New York 13202 United States","Syracuse","New York",""
"The Sovereign","The Sovereign","1200","3300 Washington Avenue
St. Louis, Missouri 63103 United States","St. Louis","Missouri","Jon Metz, Tim Weber"
"The Spinning Jenny","The Spinning Jenny","600","107 Cannon Street
Greer, South Carolina 29651 United States","Greer","South Carolina",""
"The Spire Theater of Jamestown","The Spire Theater of Jamestown","500","317 East 3rd Street
Jamestown, New York 14701 United States","Jamestown","New York",""
"The Stable Music Hall and Lounge","The Stable Music Hall and Lounge","0","236 East Front Street
Bloomington, Illinois 61701 United States","Bloomington","Illinois",""
"The Stanhope House","The Stanhope House","300","45 Main Street
Stanhope, New Jersey 07874 United States","Stanhope","New Jersey","Ren Giliberti"
"The Starlight Room","The Starlight Room","200","4765 Airline Road
Muskegon, Michigan 49444 United States","Muskegon","Michigan",""
"The State Theatre","The State Theatre","0","110 West 5th Street
Greenville, North Carolina 27858 United States","Greenville","North Carolina",""
"The Stephen Talkhouse","The Stephen Talkhouse","250","161 Main Street
Amagansett, New York 11930 United States","Amagansett","New York",""
"The Stone Family Center for Performing Arts","The Stone Family Center for Performing Arts","450","613 Cherry Street
North Wilkesboro, North Carolina 28659 United States","North Wilkesboro","North Carolina",""
"The Strand Ballroom","The Strand Ballroom","1900","79 Washington Street
Providence, Rhode Island 02903 United States","Providence","Rhode Island",""
"The Summer Club","The Summer Club","1500","8-08 Queens Plaza South
Queens, New York 11101 United States","Queens","New York",""
"The Tavern at New Hope Winery","The Tavern at New Hope Winery","0","6123 Lower York Road
New Hope, Pennsylvania 18938 United States","New Hope","Pennsylvania",""
"The Terraces","The Terraces","300","1849 Steve Tate Highway
Marble Hill, Georgia 30148 United States","Marble Hill","Georgia",""
"The Theater At Innovation Square","The Theater At Innovation Square","700","131 Chestnut Street
Rochester, New York 14604 United States","Rochester","New York",""
"The Times Theatre","The Times Theatre","0","618 Main Street
Rochester, Indiana 46975 United States","Rochester","Indiana",""
"The Van Buren","The Van Buren","1800","401 West Van Buren Street
Phoenix, Arizona 85003 United States","Phoenix","Arizona",""
"The Vangaurd Brewpub & Distillery ","The Vangaurd Brewpub & Distillery","700","504 North King Street
Hampton, Virginia 23669 United States","Hampton","Virginia",""
"The Vault Music Hall and Pub","The Vault Music Hall and Pub","380","791 Purchase Street
New Bedford, Massachusetts 02740 United States","New Bedford","Massachusetts",""
"The Vault Saginaw","The Vault Saginaw","0","110 Florence Street
Saginaw, Michigan 48602 United States","Saginaw","Michigan",""
"The Village Green Of Cashiers","The Village Green Of Cashiers","0","160 Frank Allen Road
Cashiers, North Carolina 28717 United States","Cashiers","North Carolina",""
"The Vineyards at Chappel Lodge","The Vineyards at Chappel Lodge","0","1215 Chappell Lane
Austin, Texas 78748 United States","Austin","Texas",""
"The Virginia Theatre Music and Arts Venue","The Virginia Theatre Music and Arts Venue","500","214 East Mount Vernon Street
Somerset, Kentucky 42501 United States","Somerset","Kentucky",""
"The Vixen Theater ","The Vixen Theater","500","1208 North Green Street
McHenry, Illinois 60050 United States","McHenry","Illinois",""
"The Vogue","The Vogue","1000","6259 North College Avenue
Indianapolis, Indiana 46220 United States","Indianapolis","Indiana",""
"The Waiting Room Lounge","The Waiting Room Lounge","0","6212 Maple Street
Omaha, Nebraska 68104 United States","Omaha","Nebraska",""
"The Waldo Theatre","The Waldo Theatre","0","916 Main Street
Waldoboro, Maine 04572 United States","Waldoboro","Maine",""
"The Warehouse","The Warehouse","250","203 Broadway
Amityville, New York 11701 United States","Amityville","New York","Kevin Sheehan"
"The WaterFire Arts Center","The WaterFire Arts Center","1200","475 Valley Street
Providence, Rhode Island 02908 United States","Providence","Rhode Island",""
"The Webster","The Underground, The Webster","1600","31 Webster Street
Hartford, Connecticut 06114 United States","Hartford","Connecticut",""
"The Well","The Well","350","420 Vision Drive
Cumming, Georgia 30040 United States","Cumming","Georgia",""
"The Wellmont Theater","Outdoor Plaza, The Wellmont Theater","0","5 Seymour Street
Montclair Township, New Jersey 07042 United States","Montclair Township","New Jersey",""
"The West Virginia Italian Heritage Festival","The West Virginia Italian Heritage Festival","2000","340 Main Street
Clarksburg, West Virginia 26302 United States","Clarksburg","West Virginia",""
"The Westport Library","The Westport Library","350","20 Jesup Road
Westport, Connecticut 06880 United States","Westport","Connecticut",""
"The Wilma","The Wilma","1400","131 South Higgins Avenue
Missoula, Montana 59802 United States","Missoula","Montana",""
"The Winchester Music Tavern","The Winchester Music Tavern","400","12112 Madison Avenue
Lakewood, Ohio 44107 United States","Lakewood","Ohio","Shane Motolik"
"The Windjammer","The Windjammer","1100","1008 Ocean Boulevard
Isle of Palms, South Carolina 29451 United States","Isle of Palms","South Carolina",""
"The Woodlands Country Club","The Woodlands Country Club","180","100 Grand Fairway
The Woodlands, Texas 77381 United States","The Woodlands","Texas",""
"Theater in the Wood","Theater in the Wood","300","41 Observatory Way
Intervale, New Hampshire 03845 United States","Intervale","New Hampshire","Amanda Hayford"
"Theater Of Innovation","Theater Of Innovation","700","131 Chestnut Street
Rochester, New York 14604 United States","Rochester","New York","Karl Stabnau"
"Theatre of The Living Arts","Theatre of The Living Arts","0","334 South Street
Philadelphia, Pennsylvania 19147 United States","Philadelphia","Pennsylvania",""
"Thirsty Horse Dance Hall & Saloon","Thirsty Horse Dance Hall & Saloon","0","2335 Northwest Military Highway
San Antonio, Texas 78231 United States","San Antonio","Texas",""
"Thomas More University","Thomas More University","0","333 Thomas More Parkway
Crestview Hills, Kentucky 41017 United States","Crestview Hills","Kentucky",""
"Thousand Oaks Concert Series","Thousand Oaks Concert Series","0","","","",""
"Throw Social DC","Throw Social DC","200","1401 Okie Street Northeast
Washington, District of Columbia 20002 United States","Washington","District of Columbia",""
"Throw Social Delray","Throw Social Delray","600","29 Southeast 2nd Avenue
Delray Beach, Florida 33444 United States","Delray Beach","Florida",""
"Thunderbird Café & Music Hall","Thunderbird Café & Music Hall","540","4053 Butler Street
Pittsburgh, Pennsylvania 15201 United States","Pittsburgh","Pennsylvania",""
"Thursday & Main Series @ Fountain Plaza","Fountain Plaza","0","580 Main Street
Buffalo, New York 14202 United States","Buffalo","New York",""
"Thursdays at Surfside","Surfside Park Avalon","1500","3001 Avalon Avenue
Avalon, New Jersey 08202 United States","Avalon","New Jersey",""
"Tilly's Table","Tilly's Table","0","100 New York 312
Brewster, New York 10509 United States","Brewster","New York","Mariano Alvarez"
"Tin Pan","Tin Pan","220","8982 Quioccasin Road
Richmond, Virginia 23229 United States","Richmond","Virginia",""
"Tin Roof ","Tin Roof","300","300 Glenwood Avenue
Raleigh, North Carolina 27603 United States","Raleigh","North Carolina",""
"Tin Roof","Tin Roof","220","219 South Andrews Avenue
Fort Lauderdale, Florida 33301 United States","Fort Lauderdale","Florida","John Patton"
"Tin Roof","Tin Roof","250","8 East Atlantic Avenue
Delray Beach, Florida 33444 United States","Delray Beach","Florida","John Patton"
"Tin Roof Myrtle Beach","Tin Roof Myrtle Beach","300","1410 North Ocean Boulevard
Myrtle Beach, South Carolina 29577 United States","Myrtle Beach","South Carolina",""
"Tin Roof Orlando ","Tin Roof Orlando","600","8371 International Drive
Orlando, Florida 32819 United States","Orlando","Florida",""
"Tipsy Teeze Bar, Grill and Music Hall","Tipsy Teeze Bar, Grill and Music Hall","350","246 Cheat Road
Morgantown, West Virginia 26508 United States","Morgantown","West Virginia",""
"Titusville Iron Works Tap House","Titusville Iron Works Tap House","0","315 South Franklin Street
Titusville, Pennsylvania 16354 United States","Titusville","Pennsylvania",""
"TNT Music Series","TNT Music Series Outdoor Stage","0","1586 Fairport Nine Mile Point Road
Penfield, New York 14526 United States","Penfield","New York",""
"Toad's Place","Toad's Place","1000","300 York Street
New Haven, Connecticut 06511 United States","New Haven","Connecticut",""
"Todd Residence (Private Event)","Private Residence","200","815 Hungerford Place
Charlotte, North Carolina 28207 United States","Charlotte","North Carolina",""
"Tooneys Music Venue","Tooneys Music Venue","0","100 Blue Ridge Drive
McCaysville, Georgia 30555 United States","McCaysville","Georgia",""
"Tortuga Music Festival","Fort Lauderdale Beach Park","30000","1100 Seabreeze Boulevard
Fort Lauderdale, Florida 33316 United States","Fort Lauderdale","Florida",""
"Tower Theatre","Tower Theatre","0","425 Northwest 23rd Street
Oklahoma City, Oklahoma 73103 United States","Oklahoma City","Oklahoma",""
"Town Ballroom","Oxford Pennant Stage, Town Ballroom","1500","681 Main Street
Buffalo, New York 14203 United States","Buffalo","New York",""
"Town Common (Greenville, NC)","Town Common (Greenville, NC)","4000","105 East 1st Street
Greenville, North Carolina 27858 United States","Greenville","North Carolina",""
"Town Hall Theater","Town Hall Theater","600","68 South Pleasant Street
Middlebury, Vermont 05753 United States","Middlebury","Vermont","Erin Jones-Poppe"
"Town of Babylon","Town of Babylon","1000","200 East Sunrise Highway
Lindenhurst, New York 11757 United States","Lindenhurst","New York",""
"Town of Lexington Municipal Complex","Town of Lexington Municipal Complex","0","111 Maiden Lane
Lexington, South Carolina 29072 United States","Lexington","South Carolina",""
"Town Of Long Lake ","Town Of Long Lake","1000","1258 Main St
Long Lake, New York 12847 United States","Long Lake","New York",""
"Town of Narragansett - Concert on The Beach","Beach Club","1000","39 Boston Neck Road
Narragansett, Rhode Island 02882 United States","Narragansett","Rhode Island","Tyler Hoxsie"
"Town Park at Point Lookout (Lido Beach)","Town Park at Point Lookout (Lido Beach)","15000","Point Lookout, New York 11561 United States","Point Lookout","New York","Isabel Doerbecker"
"TownStage Amphitheater","TownStage Amphitheater","1000","225 Smitherman Street
Troy, North Carolina 27371 United States","Troy","North Carolina",""
"Travelers Rest RV Resort and Golf Course","Travelers Rest RV Resort and Golf Course","500","29129 Johnston Road
Dade City, Florida 33523 United States","Dade City","Florida","Katherine Shawver"
"Tre Posti","Tre Posti","0","641 Main Street
St. Helena, California 94574 United States","St. Helena","California",""
"Trees ","Trees","600","2709 Elm Street
Dallas, Texas 75226 United States","Dallas","Texas",""
"Triple Crossing Beer - Midlothian","Triple Crossing Beer - Midlothian","0","1101 Winterfield Crossing
Midlothian, Virginia 23113 United States","Midlothian","Virginia",""
"Tropicana Atlantic City","Showroom, Tropicana Atlantic City","1933","2831 Boardwalk
Atlantic City, New Jersey 08401 United States","Atlantic City","New Jersey",""
"Tropics","Tropics","450","2500 Cranberry Square
Morgantown, West Virginia 26508 United States","Morgantown","West Virginia",""
"Tryon International Equestrian Center","Tryon Gazebo Stage","1000","25 International Boulevard
Mill Spring, North Carolina 28756 United States","Mill Spring","North Carolina",""
"TT's Tiki Bar","TT's Tiki Bar","140","33 Tamiami Trail
Punta Gorda, Florida 33950 United States","Punta Gorda","Florida",""
"Tuffy's Bottle Shop / Lounge / Music Box","Tuffy's Bottle Shop / Lounge / Music Box","0","200 Myrtle Avenue
Sanford, Florida 32771 United States","Sanford","Florida",""
"Tufts Library","Tufts Library","0","46 Broad Street
Weymouth, Massachusetts 02188 United States","Weymouth","Massachusetts",""
"Tulalip Casino","Tulalip Casino","0","10200 Quil Ceda Boulevard
Tulalip Bay, Washington 98271 United States","Tulalip Bay","Washington",""
"Tupelo Music Hall","Tupelo Music Hall","514","10 A Street
Derry, New Hampshire 03038 United States","Derry","New Hampshire",""
"Tupper Lake Sunset Stage at Flander's Park","Flanders Park","1000","7 Martin Street
Tupper Lake, New York 12986 United States","Tupper Lake","New York",""
"Turning Stone Resort Casino","Turning Stone Resort Casino","656","5218 Patrick Road
Verona, New York 13478 United States","Verona","New York",""
"Turntable @ The Vogue ","Turntable @ The Vogue","0","6281 N. COLLEGE AVE.
Indianapolis, Indiana 46220 United States","Indianapolis","Indiana",""
"Tussey Mountain Ski and Recreation","Tussey Mountain Ski and Recreation","4000","301 Bear Meadows Road
Boalsburg, Pennsylvania 16827 United States","Boalsburg","Pennsylvania",""
"Twilight Park Clubhouse","Twilight Park Clubhouse Stage","120","Haines Falls, New York United States","Haines Falls ","New York","Jim Martocci"
"Twin Creeks Marina","Twin Creeks Marina","0","91 Slip-A-Way
Winchester, Tennessee 37398 United States","Winchester","Tennessee",""
"Twisted Fork","Twisted Fork","1250","El Jobean Road
Port Charlotte, Florida 33948 United States","Port Charlotte","Florida",""
"Tybee Post Theater","Tybee Post Theater","0","10 Van Horne Avenue
Tybee Island, Georgia 31328 United States","Tybee Island","Georgia",""
"Ultra Lounge","Powerhouse Studios","300","7 Littell Road
East Hanover, New Jersey 07936 United States","East Hanover","New Jersey",""
"Union Point Park","Union Point Park","0","210 East Front Street
New Bern, North Carolina 28560 United States","New Bern","North Carolina",""
"Uniquely Union Festival","Uniquely Union Festival","1000","207 South Herndon Street
Union, South Carolina 29379 United States","Union","South Carolina",""
"University of Rochester","Wilson Quadrangle","1000","500 Joseph C. Wilson Boulevard
Wilson Quadrangle
Rochester, NY 14627 USA","Rochester","NY",""
"Uptown Alley Richmond","Uptown Alley Richmond","0","6101 Brad McNeer Parkway
Midlothian, Virginia 23112 United States","Midlothian","Virginia","Kunal Shah"
"Uptown Knauer Performing Arts Center","Uptown Knauer Performing Arts Center","0","226 North High Street
West Chester, Pennsylvania 19380 United States","West Chester","Pennsylvania",""
"Uptown Social","Uptown Social","200","587 King Street
Charleston, South Carolina 29403 United States","Charleston","South Carolina",""
"Uptown Social","Uptown Social","0","907 Franklin Street
Michigan City, Indiana 46360 United States","Michigan City","Indiana","Judy Gehrels"
"Valencia Bonita","Valencia Bonita","0","16621 Valencia Bonita Boulevard
Bonita Springs, Florida 34135 United States","Bonita Springs","Florida",""
"Van Wert Live","Niswonder Performing Arts Center, The Grandstand, Van Wert Live","7400","10700 Ohio 118
Van Wert, Ohio 45891 United States","Van Wert","Ohio","Tafi Stober"
"Vande Woude House","Vande Woude House","0","2320 North Davidson Street
Charlotte, North Carolina 28205 United States","Charlotte","North Carolina",""
"Vantage Building East Tower ","Vantage Building East Tower","300","1120 S Tryon St
Charlotte, North Carolina 28203 United States","Charlotte","North Carolina",""
"Varsity Theatre","Varsity Theatre","0","3353 Highland Road
Baton Rouge, Louisiana 70802 United States","Baton Rouge","Louisiana",""
"Venice Community Center","Venice Community Theater","300","326 Nakomis Ave South
Venice, FL 34285 USA","Venice","FL ","Dawn Baich"
"Venkman's","Venkman's","375","740 Ralph McGill Boulevard Northeast
Atlanta, Georgia 30312 United States","Atlanta","Georgia",""
"Ventura Music Hall","Ventura Music Hall","700","1888 East Thompson Boulevard
Ventura, California 93001 United States","Ventura","California",""
"VFW Post 7383","VFW Post 7383","200","522 Reedy Creek Road
Cary, North Carolina 27513 United States","Cary","North Carolina",""
"Victoria Theatre","Victoria Theatre","0","222 Main Street
Blossburg, Pennsylvania 16912 United States","Blossburg","Pennsylvania",""
"Victory North Savannah","Victory North Savannah","0","2603 Whitaker Street
Savannah, Georgia 31401 United States","Savannah","Georgia",""
"Villa Rica V-Plex","V-Plex","0","2200 Carrollton Villa Rica Highway
Villa Rica, Georgia 30180 United States","Villa Rica","Georgia",""
"Village Green Park Amphitheater","Village Green Park Amphitheater","1000","301 Wessel Drive
Fairfield, Ohio 45014 United States","Fairfield","Ohio",""
"Village of Great Neck Music Festival","Village of Great Neck Music Festival","2000","767 Middle Neck Road
Great Neck, New York 11024 United States","Great Neck","New York","The Village of Great Neck Music Festival, Bart Sobel"
"Vince J. Whibbs Sr. Community Maritime Park","Vince J. Whibbs Sr. Community Maritime Park","0","301 West Main Street
Pensacola, Florida 32501 United States","Pensacola","Florida",""
"Vinegar Hill Music Theatre","Vinegar Hill Music Theatre","175","53 Old Post Road
Arundel, Maine 04046 United States","Arundel","Maine",""
"Vinoski Winery","Vinoski Winery","0","333 Castle Drive
Belle Vernon, Pennsylvania 15012 United States","Belle Vernon","Pennsylvania",""
"Vinyl Music Hall","Vinyl","850","2 South Palafox Street
Pensacola, Florida 32502 United States","Pensacola","Florida","Michael Garcia"
"Virginia Beach Boardwalk","Virginia Beach Boardwalk","2000","100 30th Street
Virginia Beach, Virginia 23451 United States","Virginia Beach","Virginia",""
"Visulite Theatre","Visulite Theatre","0","1615 Elizabeth Avenue
Charlotte, North Carolina 28204 United States","Charlotte","North Carolina",""
"Vivarium","Vivarium","450","1818 North Farwell Avenue
Milwaukee, Wisconsin 53202 United States","Milwaukee","Wisconsin",""
"Vivo Beach Club","Vivo Beach Club","500","7000 Carr. 187 RR2
Carolina, Carolina 00979 Puerto Rico","Carolina","Carolina",""
"Volcanic Theatre and Pub","Volcanic Theatre and Pub","250","1405 Southwest Commerce Avenue
Bend, Oregon 97702 United States","Bend","Oregon",""
"Wakefield Event Center ","Wakefield Event Center","0","327 Main Street
South Kingstown, Rhode Island 02879 United States","South Kingstown","Rhode Island",""
"Walhalla Performing Arts Center","Walhalla Performing Arts Center","453","101 East North Broad Street
Walhalla, South Carolina 29691 United States","Walhalla","South Carolina",""
"Walker Settlement Concerts","Main Stage","1000","142 Walker Settlement Road
Island Falls, Maine 04747 United States","Island Falls","Maine","Ben Walker"
"Wally's Pub","Wally's Pub","800","144 Ashworth Avenue
Hampton, New Hampshire 03842 United States","Hampton","New Hampshire",""
"Walter Y. Elisha Park","Walter Y. Elisha Park","2500","345 North White Street
Fort Mill, South Carolina 29715 United States","Fort Mill","South Carolina",""
"Warehouse Live Midtown","Warehouse Live Midtown - Ballroom, Warehouse Live Midtown - Studio","1900","2600 Travis Street
Houston, Texas 77006 United States","Houston","Texas","Justin"
"Warehouse25sixty-five Kitchen + Bar","Warehouse25sixty-five Kitchen + Bar","0","2565 American Way
Grand Junction, Colorado 81501 United States","Grand Junction","Colorado",""
"Warner Vineyards","Warner Vineyards","350","706 South Kalamazoo Street
Paw Paw, Michigan 49079 United States","Paw Paw","Michigan",""
"Warren Community Amphitheatre","Warren Community Amphitheatre","0","321 Mahoning Avenue Northwest
Warren, Ohio 44483 United States","Warren","Ohio",""
"Warrior On The River ","Warrior On The River","500","9330 West Tennessee Street
Tallahassee, Florida 32304 United States","Tallahassee","Florida",""
"Washington County Agricultural Education Center","Washington County Agricultural Education Center","0","7313 Sharpsburg Pike
Boonsboro, Maryland 21713 United States","Boonsboro","Maryland",""
"Washington Park","Washington Park","1000","700 E Madison St
Brownsville, Texas 78520 United States","Brownsville ","Texas",""
"Water Street Music Hall","Water Street Music Hall","0","204 North Water Street
Rochester, New York 14604 United States","Rochester","New York",""
"Waterhole Music Lounge","Waterhole Music Lounge","0","48 Main Street
Saranac Lake, New York 12983 United States","Saranac Lake","New York",""
"Waterman's Brewing","Waterman's Brewing","300","1610 Pavilion Place
Wilmington, North Carolina 28403 United States","Wilmington","North Carolina",""
"Watertown Downtown Block Party","Watertown Downtown Block Party","1000","1 Public Square
Watertown, New York 13601 United States","Watertown","New York",""
"Waterville Opera House","Waterville Opera House","802","1 Common Street
Waterville, Maine 04901 United States","Waterville","Maine",""
"WAVE","WAVE","0","650 East 2nd Street North
Wichita, Kansas 67202 United States","Wichita","Kansas",""
"Wayne County Fair","Wayne County Fair","300","300 West Jackson Street
Palmyra, New York 14522 United States","Palmyra","New York",""
"Wayne County Fairgrounds","Wayne County Fairgrounds","5000","300 West Jackson Street
Palmyra, New York 14522 United States","Palmyra","New York","Pamela Ferranti"
"Wayne Densch Performing Arts Center (The Ritz Theater)","Wayne Densch Performing Arts Center (The Rtiz","0","201 Magnolia Avenue
Sanford, Florida 32771 United States","Sanford","Florida",""
"Wayneo's Silver Bullet","Wayneo's Silver Bullet","600","5172 South North Carolina Highway 127
Hickory, North Carolina 28602 United States","Hickory","North Carolina",""
"Weatherford Heritage Park","Weatherford Heritage Park","0","317 Santa Fe Drive
Weatherford, Texas 76086 United States","Weatherford","Texas",""
"Webster NY Fireman's Carnival","Webster NY Fireman's Carnival","1000","172 Stanford St
Webster, New York 14580 United States"," Webster","New York",""
"Wellington Amphitheater","Wellington Amphitheater","0","12100 Forest Hill Boulevard
Wellington, Florida 33414 United States","Wellington","Florida",""
"Wellsville Fire Co.","Wellsville Fire Co.","2000","95 Community Street
Wellsville, Pennsylvania 17365 United States","Wellsville","Pennsylvania",""
"West End Reception and Events","West End Reception and Events","500","202 Museum Drive
Newton, Illinois 62448 United States","Newton","Illinois",""
"West End Trading Company","West End Trading Company","0","202 Sanford Avenue
Sanford, Florida 32771 United States","Sanford","Florida",""
"West Fall Center for the Arts","West Fall Center for the Arts","140","1863 Davis Road
West Falls, New York 14170 United States","West Falls","New York",""
"Westcott Theater","Westcott Theater","700","524 Westcott Street
Syracuse, New York 13210 United States","Syracuse","New York",""
"Westfield River Brewing Company","Inside Stage, Westfield River Brewing Company","1500","707 College Highway
Southwick, Massachusetts 01077 United States","Southwick","Massachusetts",""
"Westgate Las Vegas Resort & Casino","Westgate Las Vegas Resort & Casino","0","3000 Paradise Road
Las Vegas, Nevada 89109 United States","Las Vegas","Nevada",""
"Westlake Village Concert Series","Westlake Village Concert Series","0","","","",""
"Weymouth Center For The Arts & Humanities","Weymouth Center For The Arts & Humanities","0","555 East Connecticut Avenue
Southern Pines, North Carolina 28388 United States","Southern Pines","North Carolina",""
"Wheeling Island Hotel-Casino-Racetrack","Wheeling Island Hotel-Casino-Racetrack","2400","1 South Stone Street
Wheeling, West Virginia 26003 United States","Wheeling","West Virginia",""
"Whiskey River Pub and Grill","Whiskey River Outdoor Stage","300","421 River Street
Rochester, New York 14612 United States","Rochester","New York",""
"Whiskey's on Main","Whiskey's on Main","400","251 North Main Street
Ketchum, Idaho 83340 United States","Ketchum","Idaho",""
"Whisky a Go Go","Whisky a Go Go","500","8901 Sunset Boulevard
West Hollywood, California 90069 United States","West Hollywood","California",""
"Whispering Oaks Winery","Whispering Oaks Winery","500","10934 South Highway 475
Oxford, Florida 34484 United States","Oxford","Florida","Dawn Baich"
"Wicomico Civic Center","Wicomico Civic Center","0","500 Glen Avenue
Salisbury, Maryland 21804 United States","Salisbury","Maryland",""
"Wild Buffalo House Of Music","Wild Buffalo House Of Music","0","208 West Holly Street
Bellingham, Washington 98225 United States","Bellingham","Washington",""
"Wild Rover Brewing Company","Wild Rover Brewing Company","0","13921 Lynmar Boulevard
Tampa, Florida 33626 United States","Tampa","Florida",""
"Wildcat Cliffs Country Club","Wildcat Cliffs Country Club","0","770 Country Club Drive
Highlands, North Carolina 28741 United States","Highlands","North Carolina",""
"Wildcatter Saloon","Wildcatter Saloon","2000","26913 Katy Freeway
Katy, Texas 77494 United States","Katy","Texas",""
"Wildwood Amphitheater","Wildwood Amphitheater","1500","2700 Joslyn Court
Orion Township, Michigan 48360 United States","Orion Township","Michigan",""
"Williams Center","Williams Center","550","15 Sylvan Street
Rutherford, New Jersey 07070 United States","Rutherford","New Jersey","Anthony Lasala"
"Williwaw Social","Williwaw Social","0","609 F Street
Anchorage, Alaska 99501 United States","Anchorage","Alaska",""
"Willow Springs Campground and Venue","Willow Springs Campground and Venue","2500","34988 Betts Road
Tamms, Illinois 62988 United States","Tamms","Illinois",""
"Winstons Beach Club","Winstons Beach Club","225","1921 Bacon Street
San Diego, California 92107 United States","San Diego","California",""
"Wonder Bar","Wonder Bar","325","1213 Ocean Avenue North
Asbury Park, New Jersey 07712 United States","Asbury Park","New Jersey","Blair Shulman"
"Wonderland Forest","Wonderland Forest","2000","4812 South Cook Road
LaFayette, New York 13084 United States","LaFayette","New York",""
"Woodbury Brewing Co","Main Stage GA, Main Stage with Tables","295","738 Main Street South
Woodbury, Connecticut 06798 United States","Woodbury","Connecticut","Allan Cetrone, Allan Cetrone"
"Woodlands Tavern","Woodlands Tavern","350","1200 West 3rd Avenue
Columbus, Ohio 43212 United States","Columbus","Ohio",""
"Wooly's","Wooly's","683","504 East Locust Street
Des Moines, Iowa 50309 United States","Des Moines","Iowa",""
"World Cafe Live","World Cafe Live","0","3025 Walnut Street
Philadelphia, Pennsylvania 19104 United States","Philadelphia","Pennsylvania",""
"worst venue","worst venue","1000","","","","Elmer Fudd"
"Xallisco Bar and Grill","Xalisco Bar and Grill","0","42525 10th Street West
Lancaster, California 93534 United States","Lancaster","California",""
"XL Live","XL Live","1000","801 South 10th Street
Harrisburg, Pennsylvania 17104 United States","Harrisburg","Pennsylvania",""
"Yadkin Valley Marketplace","Yadkin Valley Marketplace","1000","445 C B D Loop
North Wilkesboro, North Carolina 28659 United States","North Wilkesboro","North Carolina","Taylor Gann"
"Yee-Haw Brewing (Knoxville)","Yee-Haw Brewing (Knoxville)","600","745 North Broadway
Knoxville, Tennessee 37917 United States","Knoxville","Tennessee","Brooke Miller"
"Yonkers Brewing Company","Yonkers Brewing Company","282","92 Main Street
Yonkers, New York 10701 United States","Yonkers","New York",""
"York Road Business District Festival ","York Road Business District Festival","0","5313 York Road
Baltimore, Maryland 21212 United States","Baltimore","Maryland",""
"Yucaipa Performing Arts Center","Yucaipa Performing Arts Center","500","12062 California Street
Yucaipa, California 92399 United States","Yucaipa","California",""
"Zanzabar","Zanzabar","400","2100 South Preston Street
Louisville, Kentucky 40217 United States","Louisville","Kentucky",""
"Zenbarn","Zenbarn","0","179 Guptil Road
Waterbury Center, Vermont 05677 United States","Waterbury Center","Vermont",""
"Zia Park Hotel & Casino","Outdoor","1000","3901 West Millen Drive
Hobbs, New Mexico 88240 United States","Hobbs","New Mexico","Stephen Lambert"
"Ziggy's","Ziggy's","1050","1547 West English Road
High Point, North Carolina 27262 United States","High Point","North Carolina",""
"Zorn Brew Works Co.","Zorn Brew Works Co.","0","605 East 9th Street
Michigan City, Indiana 46360 United States","Michigan City","Indiana",""
"118 North","118 North","170","118 North Wayne Avenue
Wayne, Pennsylvania 19087 United States","Wayne","Pennsylvania","Jesse Lundy"
"123 Pleasant Street","123 Pleasant Street","290","123 Pleasant Street
Morgantown, West Virginia 26505 United States","Morgantown","West Virginia",""
"131 Sportsbar & Lounge","131 Sportsbar & Lounge","300","1123 129th Avenue
Wayland, Michigan 49348 United States","Wayland","Michigan",""
"158 on Main ","158 on Main","75","158 North Main Street
Mooresville, North Carolina 28115 United States","Mooresville","North Carolina",""
"1720","1720","0","1720 East 16th Street
Los Angeles, California 90021 United States","Los Angeles","California",""
"17th Street Park","17th Street Park","2000","1701 Atlantic Avenue
Virginia Beach, Virginia 23451 United States","Virginia Beach","Virginia",""
"191 Toole","191 Toole","500","191 East Toole Avenue
Tucson, Arizona 85701 United States","Tucson","Arizona",""
"202 MAIN","202 MAIN","175","202 North Main Street
Conroe, Texas 77301 United States","Conroe","Texas",""
"24th Street Stage ","24th Street Stage","2000","2405 Atlantic Avenue
Virginia Beach, Virginia 23451 United States","Virginia Beach","Virginia",""
"3001 Nightlife","3001 Nightlife","0","920 Lake Arrowhead Road
Myrtle Beach, South Carolina 29572 United States","Myrtle Beach","South Carolina",""
"37 Main Avondale ","37 Main Avondale","500","106 North Avondale Road
Avondale Estates, Georgia 30002 United States","Avondale Estates","Georgia",""
"37 Main Restaurant + Bar","37 Main Restaurant + Bar","300","37 East Main Street Northeast
Buford, Georgia 30518 United States","Buford","Georgia",""
"3rd & Lindsley Bar & Grill","3rd & Lindsley / Lightning 100 Concert Series","0","818 3rd Avenue South
Nashville, Tennessee 37210 United States","Nashville","Tennessee",""
"3S Artspace","3S Artspace","400","319 Vaughan Street
Portsmouth, New Hampshire 03801 United States","Portsmouth","New Hampshire",""
"5 Points Music Sanctuary","5 Points Music Sanctuary","250","1217 Maple Avenue Southwest
Roanoke, Virginia 24016 United States","Roanoke","Virginia",""
"5th Street Live ","5th Street Live","500","214 North Tryon Street
Charlotte, North Carolina 28202 United States","Charlotte","North Carolina",""
"89 North Music Venue","89 North Music Venue","450","89 North Ocean Avenue
Patchogue, New York 11772 United States","Patchogue","New York",""
"90's Flannel Fest ","Flannel Fest","0","3953 Airway Drive Northeast
Moses Lake, Washington 98837 United States","Moses Lake","Washington",""