"Name","Email","Organization(s)","Role NULL","Related Artists NULL","Preferred Phone","Website","Address","City","State/Providence","Zip Code","Industry","Source","Status","Expiration Date"
"Cassie Roberts","","","","","","","","","","","","NC Fairs & Festivals 2025","",""
"Shannon Goodman","","","","","","","","","","","","NC Fairs & Festivals 2025","",""
"Stephanie Saintsing","","","","","","","","","","","","NC Fairs & Festivals 2025","",""
"Jo Ann Parkerson","dparkerson@suddenlink.net","","","","","","","","","","","NC Fairs & Festivals 2025","",""
"Holli Starr","holli@5catproductions.com","","","","","","","","","","","NC Fairs & Festivals 2025","",""
"Stephanie Davis","stephanie@dragonflymarketing.cc","American Legion World Series Festival","","","","","","","","","Festival","NC Fairs & Festivals 2025","Current","1/1/2025"
"Lauren McAlister","ar@asanican.com","","","","","","","","","","","NC Fairs & Festivals 2025","",""
"David Crooks","david.crooks233@gmail.com","","","","","","","","","","","NC Fairs & Festivals 2025","",""
"Johnny Davis","tlcappleblossomfestival@gmail.com","","","","","","","","","","","NC Fairs & Festivals 2025","",""
"Jonathan Sermon","jsermon@ci.asheboro.nc.us","Asheboro Cultural & Recreation","","","","","","","","","Festival","NC Fairs & Festivals 2025","Current","1/1/2026"
"Andrea Baucom","andrea.baucom@rowancountync.gov","","","","","","","","","","","NC Fairs & Festivals 2025","",""
"Randy Collins","randy@mtairyncchamber.org","","","","","","","","","","","NC Fairs & Festivals 2025","",""
"Katie Wilson","bitnerbeak@aol.com","","","","","","","","","","","NC Fairs & Festivals 2025","",""
"Rebekah McGee","rebekah@uptownlexington.com","","","","","","","","","","","NC Fairs & Festivals 2025","",""
"Jan Parson","jparson@visitkinston.com","BBQ Festival on the Neuse","","","","","","","","","Festival","NC Fairs & Festivals 2025","Current","1/1/2026"
"Loretta Byrd","loretta@benson-chamber.com","Benson Mule Days","","","Business: 919-894-3825","http://www.bensonmuledays.com","","","","","Festival","NC Fairs & Festivals 2025","Current","1/1/2026"
"Bess Brinkley","brinkleyent@earthlink.net","","","","","","","","","","","NC Fairs & Festivals 2025","",""
"Abby Lee Carter","abby@briolive.com","BrioLIVE Entertainment","","","Business: 704-467-5397","http://www.brioLIVE.com","","","","","Band Booking/Entertainment","NC Fairs & Festivals 2025","Current","1/1/2026"
"Beverly Nelson","beverly@archdaletrinitychamber.com","","","","","","","","","","","NC Fairs & Festivals 2025","",""
"Joshua Hall","joshh@capitalproductiongroup.com","","","","","","","","","","","NC Fairs & Festivals 2025","",""
"Captain Jim","captainjimismagic@yahoo.com","Captain Jim Is Magic","","","Business: 336-908-9707","http://CaptainJimIsMagic.com","","","","","Interactive Magic Show","NC Fairs & Festivals 2025","Current","1/1/2026"
"Eric Carlton","eric.carlton15@gmail.com","Carlton Event Production","","","Business: 3366864006","http://carltoneventproduction.net","","","","","Production Services, Sound & Lighting, Staging","NC Fairs & Festivals 2025","Current","1/1/2026"
"Matt Rausch","matt@carolinaatm.com","","","","","","","","","","","NC Fairs & Festivals 2025","",""
"Kris Robbins","and_kris@bellsouth.net","Carolina Balloon","","","","","","","","","Decorating & Vending","NC Fairs & Festivals 2025","Current","1/1/2025"
"Bud Welch","bud.welch.svlfreenews@gmail.com","","","","","","","","","","","NC Fairs & Festivals 2025","",""
"Keith Robinson","info@festivalnews.info","","","","","","","","","","","NC Fairs & Festivals 2025","",""
"Justin Babcock","justin@carolinagolfcars.com","","","","","","","","","","","NC Fairs & Festivals 2025","",""
"Michelle Isom","michelle@heartoffolk.com","","","","","","","","","","","NC Fairs & Festivals 2025","",""
"Dorothy Dutton","dvdutton.admin@townofcarthage.org","","","","","","","","","","","NC Fairs & Festivals 2025","",""
"Chris Monteleone","chris@cashtogo.com","","","","","","","","","","","NC Fairs & Festivals 2025","",""
"John Bradford","jbradford@cerental.com","","","","","","","","","","","NC Fairs & Festivals 2025","",""
"Ale Horton","classyalehorton@gmail.com","","","","","","","","","","","NC Fairs & Festivals 2025","",""
"Robert Krumbine","rkrumbine@charlottecentercity.org","Charlotte Center City Partners","","","","","","","","","Festival","NC Fairs & Festivals 2025","Current","1/1/2026"
"Paul Claus","paul@cltcharlottevillage.com","","","","","","","","","","","NC Fairs & Festivals 2025","",""
"Danny Jordan","ddj405@yahoo.com","","","","","","","","","","","NC Fairs & Festivals 2025","",""
"Larry Brooks","info@chathamcountyncfair.com","Chatham County Fair","","","","","","","","","Fair","NC Fairs & Festivals 2025","Current","1/1/2025"
"Jane Lonon","cijfestival@gmail.com","Christmas in July Festival/Ashe Co.","","","Business: 336-846-1987","http://christmasinjuly.info","","","","","Festival","NC Fairs & Festivals 2025","Current","1/1/2025"
"Zip Stowe","zstowe@cityofbelmont.org","City of Belmont - Community Development Department","","","","","","","","","Events","NC Fairs & Festivals 2025","Current","1/1/2025"
"Joseph Franklin","jfranklin@bessemercity.com","","","","","","","","","","","NC Fairs & Festivals 2025","",""
"Lisa Ferguson","fergulg@danvilleva.gov","City of Danville Parks & Rec","","","Business: 434-793-4636","http://www.danville-va.gov","","","","","Events","NC Fairs & Festivals 2025","Current","1/1/2026"
"Laura Evans","levans@kannapolisnc.gov","City of Kannapolis","","","","","","","","","Festival","NC Fairs & Festivals 2025","Current","1/1/2026"
"Jan Harris","jan.harris@cityofkm.com","City of Kings Mountain","","","","","","","","","Festival","NC Fairs & Festivals 2025","Current","1/1/2026"
"Lisa Roddey","events@lancastercitysc.com","City of Lancaster/Red Rose","","","","","","","","","Festival","NC Fairs & Festivals 2025","Current","1/1/2025"
"Emily Jones","events@locustnc.com or parks@locustnc.com","","","","","","","","","","","NC Fairs & Festivals 2025","",""
"Martin Lane","martin.lane@cityofrockhill.com","","","","Business: 803.326.3886","http://onlyinoldtown.com","","","","","","NC Fairs & Festivals 2025","",""
"Kim Williams","kim@gorockingham.com","City of Rockingham","","","","","","","","","Festival","NC Fairs & Festivals 2025","Current","1/1/2026"
"Richard Griggs","rgriggs@statesvillenc.net","","","","Business: 7048783429","","","","","","","NC Fairs & Festivals 2025","",""
"Theresa Mathis","tmathis@wilsonnc.org","NC Whirligig Festival","","","","","","","","","Festival","NC Fairs & Festivals 2025","Current","1/1/2026"
"Tammy Falls","tammy@ccfair.net","Cleveland County Strawberry Festival","","","","","","","","","Festival","NC Fairs & Festivals 2025","Current","1/1/2025"
"Josh Henderson","joshua.henderson@gastongov.com","Gaston Co. Parks & Rec.","","","","","","","","","Festival","NC Fairs & Festivals 2025","Current","1/1/2025"
"Angie Perry","musicfestival@cityofcreedmoor.org","Creedmoor Music Festival","","","Business: (919) 764-1003","http://www.cityofcreedmoor.org/musicfestival","","","","","Festival","NC Fairs & Festivals 2025","Current","1/1/2025"
"Brian Crews","crewserent@gmail.com","","","","Business: 336-504-4144","https://www.crewserentertainment.com","","","","","","NC Fairs & Festivals 2025","",""
"Tracy Gillikin","tracy@mymacdaddys.com","","","","","","","","","","","NC Fairs & Festivals 2025","",""
"Tina Purifoy","tina.purifoy@carteretcountync.gov","Crystal Coast Civic Center","","","","","","","","","Festival","NC Fairs & Festivals 2025","Current","1/1/2026"
"Kemberly Sawyer","kemberly.sawyer@currituckcountync.gov","","","","","","","","","","","NC Fairs & Festivals 2025","",""
"Jack Funk","jk@jkcones.com","","","","","","","","","","","NC Fairs & Festivals 2025","",""
"Don Ellington","dess5106@att.net","Don Ellington Sound Service","","","Business: 919-832-5106","","","","","","Production Services, Sound & Lighting, Staging","NC Fairs & Festivals 2025","Current","1/1/2025"
"Latoya Price","latoya.price@salisburync.gov","","","","","","","","","","","NC Fairs & Festivals 2025","",""
"Monique Roberts","monique.roberts@duplinevents.com","Duplin County Events Center","","","","","","","","","Festival","NC Fairs & Festivals 2025","Current","1/1/2025"
"Robert Cox","director@uncorkduplin.com","Duplin County Events Center","","","","","","","","","Festival","NC Fairs & Festivals 2025","Current","1/1/2025"
"Joel Matthews","joel@eastcoastpyro.com","","","","","","","","","","","NC Fairs & Festivals 2025","",""
"Alexa Armstrong","alexa.armstrong@rockymountnc.gov","","","","","","","","","","","NC Fairs & Festivals 2025","",""
"Cindy Adams","cadams@edennc.us","Eden RiverFest/City of Eden","","","","","","","","","Festival","NC Fairs & Festivals 2025","Current","1/1/2026"
"Michael Meyer","mike@emeraldowlproductions.com","Emerald Owl Productions. Inc.","","","","","","","","","Laser Light Show, Lighting & Sound","NC Fairs & Festivals 2025","Current","1/1/2026"
"Keith Tobin","thomasvillechamber@thomasvillechamber.net","Everybody's Day","","","","","","","","","Festival","NC Fairs & Festivals 2025","Current","1/1/2026"
"J. Sellers","jsellers@chinagrovenc.gov","","","","Business: 704.857.2466 ext. 2105","","","","","","","NC Fairs & Festivals 2025","",""
"Amy Johnson","ajohnson@farmvillenc.gov","Farmville Dogwood Festival","","","","","","","","","Festival","NC Fairs & Festivals 2025","Current","1/1/2025"
"Carrie King","cking@faydogwoodfestival.com","Fayetteville Dogwood Festival","","","","","","","","","Festival","NC Fairs & Festivals 2025","Current","1/1/2026"
"Steven Langley","fettucinibrothers@me.com","","","","","","","","","","","NC Fairs & Festivals 2025","",""
"Charlie Holtzclaw","charlie.holtzclaw@cityofshelby.com","","","","","","","","","","","NC Fairs & Festivals 2025","",""
"Ronnie Turner","rturner@funridesandevents.com","","","","","","","","","","","NC Fairs & Festivals 2025","",""
"Doug Colbert","dcolbert500@gmail.com","Fun-Time Amusements","","","","","","","","","Amusements, Rides, Games, Food","NC Fairs & Festivals 2025","Current","1/1/2026"
"Ashlin  Glatthar","","","","","Business: 9197347922","http://www.visitgoldsboronc.com","Travel & Tourism | 308 N William St","Goldsboro","NC","27530","","NC Fairs & Festivals 2025","",""
"Steve Poe","stevepoe@grandstrandentertainment.com","","","","","","","","","","","NC Fairs & Festivals 2025","",""
"Mary Wallace","mary@triggeragency.com","","","","","","","","","","","NC Fairs & Festivals 2025","",""
"Liz Statesville","svlpumpkinfest@gmail.com","Greater Statesville Chamber of Comm","","","","","","","","","Festival","NC Fairs & Festivals 2025","Current","1/1/2025"
"Rhonda Jordan","rhj715@gmail.com","","","","Cell: 252-717-4224","http://www.griftonshadfestival.com","","","","","","NC Fairs & Festivals 2025","",""
"Jeffrey Hale","pyronoid56@gmail.com","","","","","","","","","","","NC Fairs & Festivals 2025","",""
"Sarah Edwards","","","","","Business: 9199340887","http://www.hamandyam.com","","","","","","NC Fairs & Festivals 2025","",""
"Shawn L. Marble","smarble@harrisburgnc.org","Harrisburg July 4th Celebration","","","Business: 704-455-7275","http://www.HarrisburgJuly4th.com","","","","","Festival","NC Fairs & Festivals 2025","Current","1/1/2026"
"Bridgette Galloway","recreation@hendersoncountync.org","","","","","","","","","","","NC Fairs & Festivals 2025","",""
"Lynne Raymond","63lynner@gmail.com","","","","Business: 252-377-7780","http://WWW.historichertfordinc.org","","","","","","NC Fairs & Festivals 2025","",""
"Connie Kincaid","info@downtownhickory.com","","","","","","","","","","","NC Fairs & Festivals 2025","",""
"Julie Luecht","julie.luecht@highpointnc.gov","High Point Parks & Recreation Department","","","","","136 Northpoint Ave.","High Point","NC","27262","Festival","NC Fairs & Festivals 2025","Current","1/1/2026"
"Dr. Vernon Biaett, Jr.","vbiaett@highpoint.edu","","","","","","","","","","","NC Fairs & Festivals 2025","",""
"Sharon Jablonski","sjablonski@ci.morganton.nc.us","Historic Morganton Festival, Inc","","","","","","","","","Festival","NC Fairs & Festivals 2025","Current","1/1/2026"
"Tina Gibson","tgibson@imaginemusicgroup.com","IMAGINE Music Group","","","","","","","","","Entertainment-Bands, Musicians,Strolling Performers","NC Fairs & Festivals 2025","Current","1/1/2026"
"Sean Nielsen","myintouch.info@gmail.com","","","","","","","","","","","NC Fairs & Festivals 2025","",""
"Melissa Beard","mdbeard@internationalfocusnc.org","","","","","","","","","","","NC Fairs & Festivals 2025","",""
"Nick Brauninger","nbrauninger@jacksonvillenc.gov","Jacksonville Recreation & Parks","","","","","","","","","Festival","NC Fairs & Festivals 2025","Current","1/1/2026"
"Jason Jackson","jasonjacksonlive@gmail.com","","","","","","","","","","","NC Fairs & Festivals 2025","",""
"Jimmy Collins","jimmy.collins@edwardjones.com","","","","","","","","","","","NC Fairs & Festivals 2025","",""
"Tish Patterson","johnbluefestival@gmail.com","John Blue Cotton Festival","","","Business: 9107061456","http://johnbluefestival,com","","","","","Festival","NC Fairs & Festivals 2025","Current","1/1/2026"
"Josh Power","joshpower610@gmail.com","","","","","","","","","","","NC Fairs & Festivals 2025","",""
"Chuck Tiffany","jumpinjacksparty@gmail.com","","","","","","","","","","","NC Fairs & Festivals 2025","",""
"Danny Byrd","dbyrd25@nc.rr.com","","","","","","","","","","","NC Fairs & Festivals 2025","",""
"Chris Comer","chriscomer@kernersvillenc.com","Kernersville Spring Folly","","","","","","","","","Festival","NC Fairs & Festivals 2025","Current","1/1/2026"
"Brandon Crumpton","brandon@keysignatureonline.com","","","","","","","","","","","NC Fairs & Festivals 2025","",""
"Justin Stalek","jstalek@kingcanopy.com","","","","","","","","","","","NC Fairs & Festivals 2025","",""
"Daniel Dockery","ddockery80@yahoo.com","","","","","","","","","","","NC Fairs & Festivals 2025","",""
"Linda Stonecash","hngoutreach@gmail.com","Lake Lure Arts & Crafts Festival","","","Business: 828-625-4683","http://lakelureartsandcraftsfestivals.com","","","","","Festival","NC Fairs & Festivals 2025","Current","1/1/2025"
"Lauren Light","booking@laurenlight.com","","","","","","","","","","","NC Fairs & Festivals 2025","",""
"Christy Norris","cnorris@lillingtonnc.org","Lillington Parks & Recreation","","","","","","","","","Festival","NC Fairs & Festivals 2025","Current","1/1/2026"
"Nikki Gray","lcapplefestival1972@gmail.com","Lincoln County Apple Festival","","","","http://www.lincolncountyapplefestival.com/join-us/","","","","","Festival","NC Fairs & Festivals 2025","Current","1/1/2026"
"Kevin Krouse","kkrouse@lowellnc.com","City of Lowell","","","","","","","","","Festival","NC Fairs & Festivals 2025","Current","1/1/2025"
"Beth Lippard","info@marklippard.com","Mark Lippard Entertainment","","","","","","","","","Entertainment","NC Fairs & Festivals 2025","Current","1/1/2026"
"LeeAnne Moore","lamoore@matthewsnc.gov","Matthews Alive Festival","","","","","","","","","Festival","NC Fairs & Festivals 2025","Current","1/1/2025"
"Cheryl Ray","secretary@mbamebane.com","","","","","","","","","","","NC Fairs & Festivals 2025","",""
"Taylor Ford","tford@cityofmebane.com","","","","Business: 9193049237","http://www.cityofmebanenc.gov","","","","","","NC Fairs & Festivals 2025","",""
"Amber Herman","merlefest@wilkescc.edu","MerleFest","","","","","","","","","Festival","NC Fairs & Festivals 2025","Current","1/1/2026"
"Sheryl Smith","info@madness.minthill.com","","","","","","","","","","","NC Fairs & Festivals 2025","",""
"Freddie Killough","freddiek@frontier.com","Mountain Glory Festival","","","","","","","","","Festival","NC Fairs & Festivals 2025","Current","1/1/2025"
"Tammy Curry","tbcurry@lexingtonnc.gov","","","","","","","","","","","NC Fairs & Festivals 2025","",""
"Karen Sullivan","director@swissbear.org","Mumfest/Swiss Bear Downtown","","","","","","","","","Festival","NC Fairs & Festivals 2025","Current","1/1/2026"
"Cherie Taylor","cfj.taylor@gmail.com","","","","","","","","","","","NC Fairs & Festivals 2025","",""
"Michael Johnson","michaeljohnson@callmc.com","","","","","","","","","","","NC Fairs & Festivals 2025","",""
"Jeff Freeman","chamber43@northstate.net","NASCAR Day Festival","","","","","","","","","Festival","NC Fairs & Festivals 2025","Current","1/1/2026"
"Jo Anne Cooper","jcooper@nashvillegraphic.com","Nashville Blooming Festival","","","","","","","","","Festival","NC Fairs & Festivals 2025","Current","1/1/2026"
"Barbara Armstrong","barbara@caldwellchambernc.com","","","","","","","","","","","NC Fairs & Festivals 2025","",""
"Megan Kiefer","info@collardfestival.com","Ayden Collard Festival","","","","","","","","","Festival","NC Fairs & Festivals 2025","Current","1/1/2025"
"Sharon Stevens","sharon@dunntourism.org","","","","","","","","","","","NC Fairs & Festivals 2025","",""
"Janell Mortez","jlmortez@ncsu.edu","","","","","","","","","","","NC Fairs & Festivals 2025","",""
"Executive Board Ncapple","apple@ncapplefestival.org","North Carolina Apple Festival","","","","","","","","","Festival","NC Fairs & Festivals 2025","Current","1/1/2026"
"Tom Harrison","harrison@plymouthnc.com","National Black Bear Festival","","","","","","","","","Festival","NC Fairs & Festivals 2025","Current","1/1/2026"
"Doug Krynicki","info@ncblueberryfestival.com","North Carolina Blueberry Festival","","","Business: 910-259-2007","","","","","","Festival","NC Fairs & Festivals 2025","Current","1/1/2026"
"Melissa Pittman","ncfallfestival@gmail.com","","","","","","","","","","","NC Fairs & Festivals 2025","",""
"Sharon Britt","srbritt1@gmail.com","North Carolina Herring Festival/Jamesville","","","","","","","","","Festival","NC Fairs & Festivals 2025","Current","1/1/2025"
"Julia Overton","downtown@oxfordnc.org","","","","","","","","","","","NC Fairs & Festivals 2025","",""
"Robyn Beliveau","rbeliveau@brunswickcountychamber.org","","","","","","","","","","","NC Fairs & Festivals 2025","",""
"Julie Beck, CFE","julierbeck@gmail.com","North Carolina Pickle Festival","","","","","","","","","Festival","NC Fairs & Festivals 2025","Current","1/1/2026"
"W.C. Lanier","wc@capefearwildlifeexpo.com","","","","","","","","","","","NC Fairs & Festivals 2025","",""
"Virginia Yopp","executivedirector@ncseafoodfestival.org","North Carolina Seafood Festival","","","Business: 2527266273|Cell: 919-812-2355","http://NCSeafoodFestival.org","","","","","Festival","NC Fairs & Festivals 2025","Current","1/1/2026"
"Cynthia Nelson","tccofc@yahoo.com","North Carolina Yam Festival","","","","","","","","","Festival","NC Fairs & Festivals 2025","Current","1/1/2025"
"Gary Reavis","ctomato2@aol.com","","","","","","","","","","","NC Fairs & Festivals 2025","",""
"John Huffstetler","jhuffstetler@kanntours.com","","","","","","","","","","","NC Fairs & Festivals 2025","",""
"Theresa Carter","tourd@jacksonvilleonline.org","","","","","","","","","","","NC Fairs & Festivals 2025","",""
"Christopher Crooks","cjcrooks@onslowco.org","","","","Business: 9104555733","http://onslowoktoberfest.org","","","","","","NC Fairs & Festivals 2025","",""
"Christy Boscaglia","christy@palmettoamusements.com","","","","","","","","","","","NC Fairs & Festivals 2025","",""
"Carol Klenke","cklenke@partyreflections.com","","","","","","","","","","","NC Fairs & Festivals 2025","",""
"Lyndsay Mack","lmack@partytimerentalsinc.com","","","","","","","","","","","NC Fairs & Festivals 2025","",""
"Randy Quirk","randy.quirk@pbvllc.com","Pepsi Bottling Ventures, LLC","","","","","","","","","Beverage Service","NC Fairs & Festivals 2025","Current","1/1/2026"
"Jon Sundell","performedu@gmail.com","","","","","","","","","","","NC Fairs & Festivals 2025","",""
"Kristy Detwiler","kdetwiler@pinevillenc.gov","Pineville Fall Fest","","","","","","","","","Festival","NC Fairs & Festivals 2025","Current","1/1/2025"
"Susan G. Myers","susangmyers@gmail.com","","","","","","","","","","","NC Fairs & Festivals 2025","",""
"Greg Reynolds","greg@pleasureislandnc.org","","","","","","","","","","","NC Fairs & Festivals 2025","",""
"Teri Pahon","teri@portablerestroomtrailers.com","","","","","","","","","","","NC Fairs & Festivals 2025","",""
"Travis Cook","tcook@premieratmservices.com","","","","","","","","","","","NC Fairs & Festivals 2025","",""
"Chaz Adams","cadams@pyrotecnico.com","Pyrotecnico","","","","","","","","","Fireworks","NC Fairs & Festivals 2025","Current","1/1/2026"
"Kirk Ballard","info@mooresvillenc.org","Race City Festival","","","","","","","","","Festival","NC Fairs & Festivals 2025","Current","1/1/2025"
"Paige Brotzman","paige@rachelscreenprinting.com","Rachel Screen Printing","","","","","","","","","Screen Printing","NC Fairs & Festivals 2025","Current","1/1/2026"
"Randy Clay","musicconsultants@ctc.net","","","","","","","","","","","NC Fairs & Festivals 2025","",""
"Bill Kittle","charlotte@italianice.com","","","","","","","","","","","NC Fairs & Festivals 2025","",""
"Alisha Stamey","astamey@alexandercountync.gov","RockyFest/Alexander County","","","Business: 8286321308","http://www.rockyfacepark.com","","","","","Festival","NC Fairs & Festivals 2025","Current","1/1/2025"
"Cindy Adair","rtrinc@rutherfordton.net","","","","","","","","","","","NC Fairs & Festivals 2025","",""
"Jessica Bybee-Dziedzic","info@saffire.com","Saffire","","","","","","","","","Websites, Ticketing in an integrated platform","NC Fairs & Festivals 2025","Current","1/1/2025"
"Sheila Barefoot","sbarefoot@visitsampsonnc.com","Sampson Co Convention & Visitor's","","","","","","","","","Festival","NC Fairs & Festivals 2025","Current","1/1/2026"
"Jacona Hester","jhester@fortmillsc.gov","SC Strawberry Festival/Town Fort Mill","","","Cell: 8034875413","http://www.scstrawberryfestival.com","","","","","Festival","NC Fairs & Festivals 2025","Current","1/1/2026"
"Roy Brown","roybrown@sesystems.com","SE Systems, Inc.","","","Business: 3365442073","http://www.sesystems.com","","","","","Production Services, Sound & Lighting, Staging","NC Fairs & Festivals 2025","Current","1/1/2025"
"Bill Kaluza","jpatricek@seasoundentertainment.com","","","","","","","","","","","NC Fairs & Festivals 2025","",""
"Billy Roach","broach@selma-nc.com","Selma Railroad Days","","","","","","","","","Festival","NC Fairs & Festivals 2025","Current","1/1/2026"
"Steve Smith","smittysconcession@yahoo.com","Smitty's Concessions","","","","","","","","","Food Concessions","NC Fairs & Festivals 2025","Current","1/1/2025"
"Lisa Hamner","lisahamner_nc@yahoo.com","","","","","","","","","","","NC Fairs & Festivals 2025","",""
"Michael Thrift","soundwaveaudio@att.net","Sound Wave Audio, Inc.","","","","","","","","","Production Services, Sound & Lighting, Staging","NC Fairs & Festivals 2025","Current","1/1/2025"
"Karen Miller","klm2567@windstream.net","","","","","","","","","","","NC Fairs & Festivals 2025","",""
"Kelly Vaughn","kvaughn@sonc.net","","","","","","","","","","","NC Fairs & Festivals 2025","",""
"Mike Hartis","specializedsoundandlight@carolina.rr.com","Specialized Sound and Light","","","","","","","","","Production Services, Sound & Lighting, Staging","NC Fairs & Festivals 2025","Current","1/1/2026"
"Jacqueline Gafrarar","jacq@gojhe.com","","","","","","","","","","","NC Fairs & Festivals 2025","",""
"Jane Horne","janeh@noemail.com","","","","","","","","","","","NC Fairs & Festivals 2025","",""
"Abby Schlicht","abby@carolinahorsepark.com","","","","","","","","","","","NC Fairs & Festivals 2025","",""
"Brittany Shipp","bshipp@ci.swansboro.nc.us","Swansboro Festivals","","","","","","","","","Festival","NC Fairs & Festivals 2025","Current","1/1/2026"
"Gina Kay Honosky","taylorsvilleapplefestival@yahoo.com","Taylorsville Apple Festival","","","","","","","","","Festival","NC Fairs & Festivals 2025","Current","1/1/2026"
"Tommy Hurst","tcsamusements@yahoo.com","TC's Amusements, Inc.","","","Business: 8039855300","http://tcsamusements.com","","","","","Amusements, Equipment","NC Fairs & Festivals 2025","Current","1/1/2026"
"Stephanie S. Naset, CFE","ss@barbecuefestival.com","The Barbecue Festival, Inc.","","","","http://www.barbecuefestival.com","","","","","Festival","NC Fairs & Festivals 2025","Current","1/1/2025"
"Jeffrey Kass","festivaloflegends@gmail.com","","","","","","","","","","","NC Fairs & Festivals 2025","",""
"Jef Lambdin","woole@mindspring.com","The InterACTive Theater of Jef","","","Business: 9107332609","http://www.jefthemime.com","P.O. Box 3331","Lumberton","NC","28359","Roving Mime/Mask Theater Performance","NC Fairs & Festivals 2025","Current","1/1/2026"
"Ty Cheves","thelillybrothers@gmail.com","","","","","","","","","","","NC Fairs & Festivals 2025","",""
"David Hicks","david@theozagency.com","The Oz Agency/Band of Oz","","","","","","","","","Band Booking/Entertainment","NC Fairs & Festivals 2025","Current","1/1/2026"
"Kelly Jones","events@scrapexchange.org","","","","","","","","","","","NC Fairs & Festivals 2025","",""
"Aku Opata","joinus@thetemafest.com","","","","","","","","","","","NC Fairs & Festivals 2025","",""
"Kayla Phillips","aprd@townofaberdeen.net","","","","","","","","","","","NC Fairs & Festivals 2025","",""
"Lisa Stinnett","lstinnett@cantonnc.com","Town of Canton","","","","","","","","","Festival","NC Fairs & Festivals 2025","Current","1/1/2025"
"Jenna Kostka","jenna.kostka@carync.gov","Town of Cary/Spring & Lazy Daze","","","Business: 919-462-3864","https://www.carync.gov/recreation-enjoyment/events/festivals/lazy-daze-arts-and-crafts-festival","","","","","Festival","NC Fairs & Festivals 2025","Current","1/1/2026"
"Kevin Robinson","krobinson@townofchapelhill.org","","","","","","","","","","","NC Fairs & Festivals 2025","",""
"Jody Clark","jclark@cornelius.org","","","","","","","","","","","NC Fairs & Festivals 2025","",""
"Duck Duck","duckjazzfest@townofduck.com","Town of Duck Jazz Festival","","","","http://duckjazz.com","","","","","Festival","NC Fairs & Festivals 2025","Current","1/1/2026"
"Amy Bridges","amybridges@townofforestcity.com","Town of Forest City","","","","","","","","","Festival","NC Fairs & Festivals 2025","Current","1/1/2026"
"Brittany Washington","bwashington@garnernc.gov","","","","","","","","","","","NC Fairs & Festivals 2025","",""
"Rebecah Isenhour","becca@hildebrannc.org","","","","","","","","","","","NC Fairs & Festivals 2025","",""
"Susie Paschal","susie.paschal@knightdalenc.gov","","","","","","","","","","","NC Fairs & Festivals 2025","",""
"Amy Wells","recreation@townofleland.com","Town of Leland/Leland in Lights","","","","http://www.townofleland.com","","","","","Events","NC Fairs & Festivals 2025","Current","1/1/2026"
"Stephanie Watson","stephanie.watson@mail.ci.longview.nc.us","","","","","","","","","","","NC Fairs & Festivals 2025","",""
"Alli Goode","agoode@mooresvillenc.gov","Town of Mooresville","","","","","","","","","Festival","NC Fairs & Festivals 2025","Current","1/1/2026"
"Matt Leaver","mleaver@townofmorrisville.org","","","","","","","","","","","NC Fairs & Festivals 2025","",""
"Mandy Herring","townof7springs@gmail.com","","","","","","","","","","","NC Fairs & Festivals 2025","",""
"Jessica Puckett","jpuckett@silercity.org","","","","","","","","","","","NC Fairs & Festivals 2025","",""
"Greg Zephir","manager@troy.nc.us","Town of Troy","","","","","","","","","Festival","NC Fairs & Festivals 2025","Current","1/1/2026"
"Lisa Hoffman","events@waxhaw.com","","","","Business: 7048432195","","","","","","","NC Fairs & Festivals 2025","",""
"Karen Swearingen","kswearingen@townofwingatenc.gov","","","","","","","","","","","NC Fairs & Festivals 2025","",""
"April McTaggart","april@transitvocalband.com","","","","Business: (919) 600-2611","http://www.transitvocalband.com","","","","","","NC Fairs & Festivals 2025","",""
"Stuart Klein","sklein@dpacnc.com","","","","","","","","","","","NC Fairs & Festivals 2025","",""
"Emily Zalzneck","ezalzneck@vopnc.org","","","","","","","","","","","NC Fairs & Festivals 2025","",""
"Charles Kroksh","cakroksh@vintagesoundandlight.com","Vintage Sound & Light","","","","","","","","","Production Services, Sound & Lighting, Staging","NC Fairs & Festivals 2025","Current","1/1/2025"
"Lisa Hayes","lhayes@wakeforestnc.gov","Town of Wake Forest - Downtown Development","","","","","","","","","Festival","NC Fairs & Festivals 2025","Current","1/1/2026"
"Morrissa Angi","mangi@valdesenc.gov","Waldensian Festival/Valdese","","","","","","","","","Festival","NC Fairs & Festivals 2025","Current","1/1/2026"
"Roger Ward","roger@wardproductions.com","Ward Productions, LLC","","","","","","","","","Production Services, Sound & Lighting, Staging","NC Fairs & Festivals 2025","Current","1/1/2025"
"Harold Robinson","harold.robinson@whda.org","","","","","","","","","","","NC Fairs & Festivals 2025","",""
"Robin McKeithan","rmckeithan@wbcchamber.com","Washington Summer Festival","","","","","","","","","Festival","NC Fairs & Festivals 2025","Current","1/1/2026"
"Paul Haas","paulmh@skybest.com","","","","","","","","","","","NC Fairs & Festivals 2025","",""
"Laura Voss","ccacg@yahoo.com","","","","","","","","","","","NC Fairs & Festivals 2025","",""
"Tim Avery","wintervillemelonfest@gmail.com","Winterville Watermelon Festival","","","","","","","","","Festival","NC Fairs & Festivals 2025","Current","1/1/2026"
"Hubert Bullard","director@bluecrabfestival.org","Little River Chamber of Commerce","","","","","","","","","Festival","NC Fairs & Festivals 2025","Current","1/1/2026"
"Jody Pounds","jody@yadkinarts.org","","","","","","","","","","","NC Fairs & Festivals 2025","",""
"Tony Sawdey","tsawdey@zambellifireworks.com","Zambelli Fireworks","","","","","","","","","Fireworks","NC Fairs & Festivals 2025","Current","1/1/2026"
"Donald Parkerson","parkersond@ecu.edu","","","","","","","","","","","NC Fairs & Festivals 2025","",""
"Kim Davis","kim@dragonflymarketing.cc","American Legion World Series Festival","","","","","","","","","Festival","NC Fairs & Festivals 2025","Current","1/1/2025"
"Brenda Higgins","noemail2@email.com","","","","","","","","","","","NC Fairs & Festivals 2025","",""
"Pam Hester","phester@ci.asheboro.nc.us","Asheboro Cultural & Recreation","","","","","","","","","Festival","NC Fairs & Festivals 2025","Current","1/1/2026"
"Joni Hobbs","joni.hobbs@rowancountync.gov","","","","Business: 704-216-7816","http://www.rowancountync.gov","","","","","","NC Fairs & Festivals 2025","",""
"Brian Bitner","noemail3@email.com","","","","","","","","","","","NC Fairs & Festivals 2025","",""
"David Mooring","dmooring@suddenlink.net","","","","","","","","","","","NC Fairs & Festivals 2025","",""
"Bob Brinkley","noemail4@email.com","","","","","","","","","","","NC Fairs & Festivals 2025","",""
"Rick Lee","rick@briolive.com","BrioLIVE Entertainment","","","","","","","","","Band Booking/Entertainment","NC Fairs & Festivals 2025","Current","1/1/2026"
"Jonna Arnette","jonna@archdaletrinitychamber.com","","","","","","","","","","","NC Fairs & Festivals 2025","",""
"Sea Shel","noemail5@email.com","Captain Jim Is Magic","","","","","","","","","Interactive Magic Show","NC Fairs & Festivals 2025","Current","1/1/2026"
"Bud Welch","info@carolinaballoonfest.com","","","","","","P.O. Box 267","Statesville","NC","28687","","NC Fairs & Festivals 2025","",""
"Dina Tharp Mayes","doltharp.admin@townofcarthage.org","","","","","","","","","","","NC Fairs & Festivals 2025","",""
"Patty Pressley","ppressley@cerental.com","","","","","","","","","","","NC Fairs & Festivals 2025","",""
"Colleen Siler","noemail6@email.com","","","","","","","","","","","NC Fairs & Festivals 2025","",""
"Margo Goodale","mgoodale@charlottecentercity.org","Charlotte Center City Partners","","","","","","","","","Festival","NC Fairs & Festivals 2025","Current","1/1/2026"
"Dena Bruton-Claus","info@cltchristmasvillage.com","","","","","","","","","","","NC Fairs & Festivals 2025","",""
"Elizabeth Alston","legabreak@embarqmail.com","Chatham County Fair","","","","","","","","","Fair","NC Fairs & Festivals 2025","Current","1/1/2025"
"Wesley Barker","jlashearts@skybest.com","","","","","","","","","","","NC Fairs & Festivals 2025","",""
"Cassidy Lackey","clackey@cityofbelmont.org","City of Belmont - Community Development Department","","","Business: 704-901-2068","http://cityofbelmont.org","","","","","Events","NC Fairs & Festivals 2025","Current","1/1/2025"
"Adora Alford","adora@bessemercity.com","","","","","","","","","","","NC Fairs & Festivals 2025","",""
"Gary Mills","gmills@kannapolisnc.gov","City of Kannapolis","","","","","","","","","Festival","NC Fairs & Festivals 2025","Current","1/1/2026"
"Christy Conner","christy.conner@cityofkm.com","","","","","","","","","","","NC Fairs & Festivals 2025","",""
"April Joplin","ajoplin@lancastercitysc.com","","","","","","","","","","","NC Fairs & Festivals 2025","",""
"Peyton Creswell","parks@locustnc.com","","","","","","","","","","","NC Fairs & Festivals 2025","",""
"Catherine Murphy","cathy.murphy@cityofrockhill.com","","","","","","","","","","","NC Fairs & Festivals 2025","",""
"Lynn Miller","lmiller@statesvillenc.net","","","","","","","","","","","NC Fairs & Festivals 2025","",""
"Jennifer McNeilly","jennifer@ccfair.net","Cleveland County Strawberry Festival","","","","","","","","","Festival","NC Fairs & Festivals 2025","Current","1/1/2025"
"Kent Martin","kent@gosro.com","","","","","","","","","","","NC Fairs & Festivals 2025","",""
"Connie Nolter","noemail11@email.com","","","","","","","","","","","NC Fairs & Festivals 2025","",""
"Gina Clark","ginac@carteretcountync.gov","Crystal Coast Civic Center","","","","","","","","","Festival","NC Fairs & Festivals 2025","Current","1/1/2026"
"Taylor Cregan","tcregan@visitcurrituck.com","","","","Business: 252-453-9040","http://www.visitcurrituck/events","","","","","","NC Fairs & Festivals 2025","",""
"Joe Lampron","noemail12@email.com","","","","","","","","","","","NC Fairs & Festivals 2025","",""
"Jessica Marshall","noemail13@email.com","Don Ellington Sound Service","","","","","","","","","Production Services, Sound & Lighting, Staging","NC Fairs & Festivals 2025","Current","1/1/2025"
"Larissa Harper","larissa.harper@salisburync.gov","City of Salisbury/Downtown Salisbury, Inc.","","","","","","","","","Festival","NC Fairs & Festivals 2025","Current","1/1/2026"
"Jessica Lenig","jessica.lenig@duplinevents.com","","","","","","","","","","","NC Fairs & Festivals 2025","",""
"Sarah Suggs","ssuggs@faydogwoodfestival.com","Fayetteville Dogwood Festival","","","","","","","","","Festival","NC Fairs & Festivals 2025","Current","1/1/2026"
"Allen Langley","noemail15@email.com","","","","","","","","","","","NC Fairs & Festivals 2025","",""
"Robert Fulton","rfulton@funridesandevents.com","","","","","","","","","","","NC Fairs & Festivals 2025","",""
"Chris Colbert","funtimerides@yahoo.com","Fun-Time Amusements","","","Business: 434-799-3511","http://www.4funtime.com","","","","","Amusements, Rides, Games, Food","NC Fairs & Festivals 2025","Current","1/1/2026"
"Amber Hoggard","ahoggard@goldsboronc.gov","Visit Goldsboro","","","","","","","","","Festival","NC Fairs & Festivals 2025","Current","1/1/2026"
"Coach Crawford","coach@grandstrandentertainment.com","","","","","","","","","","","NC Fairs & Festivals 2025","",""
"David Bradley","dbradley@statesvillechamber.org","","","","","","","","","","","NC Fairs & Festivals 2025","",""
"Susan Cox","office@historicfertfordinc.org","","","","","","","","","","","NC Fairs & Festivals 2025","",""
"Tracy Nestor","noemail18@email.com","","","","","","","","","","","NC Fairs & Festivals 2025","",""
"Abby Nelson","anelson@ci.morganton.nc.us","Historic Morganton Festival, Inc","","","Business: 828-438-5252","http://www.morgantonfest.org","","","","","Festival","NC Fairs & Festivals 2025","Current","1/1/2026"
"Stacey Hirshman","staceyh@imaginemusicgroup.com","","","","","","","","","","","NC Fairs & Festivals 2025","",""
"Mike Smith","noemail19@email.com","","","","","","","","","","","NC Fairs & Festivals 2025","",""
"Becky Stanford","noemail20@email.com","Jacksonville Recreation & Parks","","","","","","","","","Festival","NC Fairs & Festivals 2025","Current","1/1/2026"
"Doris Elder","noemail21@email.com","","","","","","","","","","","NC Fairs & Festivals 2025","",""
"Tish Patterson","letitiapatterson@gmail.com","John Blue Cotton Festival","","","","","","","","","Festival","NC Fairs & Festivals 2025","Current","1/1/2026"
"Kevin Fratkin","noemail22@email.com","","","","","","","","","","","NC Fairs & Festivals 2025","",""
"Kathy Byrd","noemail23@email.com","","","","","","","","","","","NC Fairs & Festivals 2025","",""
"Mary Kay Csangi","kchamber@kernersvillenc.com","Kernersville Spring Folly","","","","","","","","","Festival","NC Fairs & Festivals 2025","Current","1/1/2026"
"Carlton Burt","carlton@keysignatureonline.com","","","","","","","","","","","NC Fairs & Festivals 2025","",""
"Charanessa Harrington","aahc1990@gmail.com","","","","","","","","","","","NC Fairs & Festivals 2025","",""
"William Baker","wbaker@lillingtonnc.org","Lillington Parks & Recreation","","","","","","","","","Festival","NC Fairs & Festivals 2025","Current","1/1/2026"
"Gail Boyles","noemail24@email.com","City of Lowell","","","","","","","","","Festival","NC Fairs & Festivals 2025","Current","1/1/2025"
"Mark Lippard","noemail25@email.com","Mark Lippard Entertainment","","","","","","","","","Entertainment","NC Fairs & Festivals 2025","Current","1/1/2026"
"Julie Bee","julie@beesmartsocialmedia.com","Matthews Alive Festival","","","","","","","","","Festival","NC Fairs & Festivals 2025","Current","1/1/2025"
"Aaron Davis","adavis@cityofmebane.com","","","","Business: 3369-563-6329","http://www.cityofmebanenc.gov","","","","","","NC Fairs & Festivals 2025","",""
"Bethany Swaim","bsswaim544@wilkescc.edu","","","","","","","","","","","NC Fairs & Festivals 2025","",""
"Dalton Taylor","noemail26@email.com","","","","","","","","","","","NC Fairs & Festivals 2025","",""
"Laura Duran","lvduran@lexingtonnc.gov","Multicultural Festival/Lexington","","","","","","","","","Festival","NC Fairs & Festivals 2025","Current","1/1/2026"
"Charlene Harvell","info@swissbear.org","","","","","","","","","","","NC Fairs & Festivals 2025","",""
"Janet Sink","janet-sink1@hotmail.com","","","","","","","","","","","NC Fairs & Festivals 2025","",""
"Tim Davies","noemail27@email.com","","","","","","","","","","","NC Fairs & Festivals 2025","",""
"Amy Beasley","amy.beasley@southernbank.com","Nashville Blooming Festival","","","","","","","","","Festival","NC Fairs & Festivals 2025","Current","1/1/2026"
"Bryan Moore","Bryan@caldwellchambernc.com","","","","Business: 8287260616","https://www.ncblackberryfestival.com/","NC Blackberry Festival | 1909 Hickory Blvd S.E.","Lenoir","NC","28645","","NC Fairs & Festivals 2025","",""
"Judi Thurston","director@unitedwayofwilson.org","","","","","","","","","","","NC Fairs & Festivals 2025","",""
"Shannon Viera","sviera@brunswickcountychamber.org","North Carolina Oyster Festival","","","","","","","","","Festival","NC Fairs & Festivals 2025","Current","1/1/2025"
"Lynn Williams","lwilliams@mtolivepickles.com","North Carolina Pickle Festival","","","","","","","","","Festival","NC Fairs & Festivals 2025","Current","1/1/2026"
"Rebecca Jordan","eventscoordinator@ncseafoodfestival.org","North Carolina Seafood Festival","","","Business: 252.726.6273","http://ncseafoodfestival.org","NC Seafood Festival | 412-D Evans Street","Morehead City","NC","28516","Festival","NC Fairs & Festivals 2025","Current","1/1/2026"
"Connie Reavis","noemail29@email.com","","","","","","","","","","","NC Fairs & Festivals 2025","",""
"Laurette Leagon","president@jacksonvilleonline.org","","","","","","","","","","","NC Fairs & Festivals 2025","",""
"Cristin Lee","clee@partyreflections.com","","","","","","","","","","","NC Fairs & Festivals 2025","",""
"Heather Yontz","heather@partytimerentalsinc.com","","","","","","","","","","","NC Fairs & Festivals 2025","",""
"John Cantando","john.cantando@pbvllc.com","Pepsi Bottling Ventures, LLC","","","","","","","","","Beverage Service","NC Fairs & Festivals 2025","Current","1/1/2026"
"Heather Creech","hcreech@pinevillenc.gov","Pineville Fall Fest","","","","","","","","","Festival","NC Fairs & Festivals 2025","Current","1/1/2025"
"Jennifer Scott","pinkhillrosefest@gmail.com","","","","","","","","","","","NC Fairs & Festivals 2025","",""
"Meaghan Wright","noemail30@email.com","","","","","","","","","","","NC Fairs & Festivals 2025","",""
"Ken Pahon","ken@portablerestroomtrailers.com","","","","","","","","","","","NC Fairs & Festivals 2025","",""
"Jessica Elliott","jes@premieratmservices.com","","","","","","","","","","","NC Fairs & Festivals 2025","",""
"Mary Killingsworth","mkillingsworth@pyrotecnico.com","Pyrotecnico","","","","","","","","","Fireworks","NC Fairs & Festivals 2025","Current","1/1/2026"
"Becky Clay","rx4me@icloud.com","","","","","","","","","","","NC Fairs & Festivals 2025","",""
"Gary Harman","noemail31@email.com","RockyFest/Alexander County","","","","","","","","","Festival","NC Fairs & Festivals 2025","Current","1/1/2025"
"Leneice Lane","noemail32@email.com","","","","","","","","","","","NC Fairs & Festivals 2025","",""
"Brown Simpson","noemail33@email.com","","","","","","","","","","","NC Fairs & Festivals 2025","",""
"Cliff Miller","cliffmiller@sesystems.com","SE Systems, Inc.","","","","","","","","","Production Services, Sound & Lighting, Staging","NC Fairs & Festivals 2025","Current","1/1/2025"
"Bill Kaluza","noemail34@email.com","","","","","","","","","","","NC Fairs & Festivals 2025","",""
"Melissa Dooley","mdooley@selma-nc.com","Selma Railroad Days","","","","","","","","","Festival","NC Fairs & Festivals 2025","Current","1/1/2026"
"Stuart Rochelle","sfsf@sneadsferryshrimpfestival.org","","","","","","","","","","","NC Fairs & Festivals 2025","",""
"Tim Miller","noemail36@email.com","","","","","","","","","","","NC Fairs & Festivals 2025","",""
"Kathy Langfield","noemail37@email.com","","","","","","","","","","","NC Fairs & Festivals 2025","",""
"Erin Nosker","enosker@gojhe.com","","","","","","","","","","","NC Fairs & Festivals 2025","",""
"Thimi Kollar","noemail38@email.com","","","","","","","","","","","NC Fairs & Festivals 2025","",""
"Maureen Grippa","noemail39@email.com","","","","","","","","","","","NC Fairs & Festivals 2025","",""
"Erin Goodwin","noemail40@email.com","","","","","","","","","","","NC Fairs & Festivals 2025","",""
"Chandis Lilly","noemail41@email.com","","","","","","","","","","","NC Fairs & Festivals 2025","",""
"Anna Graves","outreach@scrapexchange.org","","","","","","","","","","","NC Fairs & Festivals 2025","",""
"Terence Williams","noemail42@email.com","","","","","","","","","","","NC Fairs & Festivals 2025","",""
"Jason Burrell","jburrell@cantonnc.com","","","","","","","","","","","NC Fairs & Festivals 2025","",""
"Ryan O'Quinn","ryan.oquinn@townofcary.org","","","","","","","","","","","NC Fairs & Festivals 2025","",""
"Jeff York","jyork@townofchapelhill.org","","","","","","","","","","","NC Fairs & Festivals 2025","",""
"Chad Cauble","noemail44@email.com","","","","","","","","","","","NC Fairs & Festivals 2025","",""
"Betsy Trimble","btrimble@townofduck.com","Town of Duck Jazz Festival","","","","","","","","","Festival","NC Fairs & Festivals 2025","Current","1/1/2026"
"Kendrick Mayes","kmayes@garnernc.gov","","","","","","","","","","","NC Fairs & Festivals 2025","",""
"Chris Wiley","chris.wiley@knightdalenc.gov","","","","","","","","","","","NC Fairs & Festivals 2025","",""
"Ti Farmer","noemail46@email.com","Town of Mooresville","","","","","","","","","Festival","NC Fairs & Festivals 2025","Current","1/1/2026"
"L Anderson","specialevents@townofmorrisville.org","","","","","","","","","","","NC Fairs & Festivals 2025","",""
"Ronda Hughes","noemail48@email.com","","","","","","","","","","","NC Fairs & Festivals 2025","",""
"Lisa Huffman","lhoffman@waxhaw.com","","","","","","","","","","","NC Fairs & Festivals 2025","",""
"Adrienne Rorie","arorie@townofwingatenc.gov","Town of Wingate Summer Fun Festival","","","","","","","","","Festival","NC Fairs & Festivals 2025","Current","1/1/2026"
"Mary Susan Klein","noemail50@email.com","","","","","","","","","","","NC Fairs & Festivals 2025","",""
"Megan McDonald","mmcdonald@vopnc.org","","","","","","","","","","","NC Fairs & Festivals 2025","",""
"Madeleine Epley","mepley@valdesenc.gov","Waldensian Festival/Valdese","","","Business: 828-879-2129","http://waldensianfestival.com","","","","","Festival","NC Fairs & Festivals 2025","Current","1/1/2026"
"Jonathan Ward","jonathan@wardproductions.com","Ward Productions, LLC","","","","","","","","","Production Services, Sound & Lighting, Staging","NC Fairs & Festivals 2025","Current","1/1/2025"
"Catherine Glover","cglover@wbcchamber.com","Washington Summer Festival","","","Business: 252-946-9168|Fax: 252-946-9169","http://www.wbcchamber.com","","","","","Festival","NC Fairs & Festivals 2025","Current","1/1/2026"
"Jennifer Walters","jennifer@littleriverchamber.org","Little River Chamber of Commerce","","","","","","","","","Festival","NC Fairs & Festivals 2025","Current","1/1/2026"
"ZimZoom Photo Booth","","","","","","","","","","","","NC Fairs & Festivals 2025","",""
"Stephanie Naset","","","","","","","","","","","","NC Fairs & Festivals 2025","",""
"Richard Starr","richard@5catproductions.com","","","","","","5Cat Productions | 209 Draughn Street","Mount Airy","NC","27030","","NC Fairs & Festivals 2025","",""
"Tyler Price","tylerp@teamcpg.com","","","","","","","","","","","NC Fairs & Festivals 2025","",""
"Jason Karr","jason@carolinaatm.com","","","","","","Carolina ATM Services | 7500 Precision Drive","Raleigh","NC","27617","","NC Fairs & Festivals 2025","",""
"Ed Bounds","dinosaurguy007@gmail.com","Ed's Dinosaurs Live, LLC","","","","","Dakota and Friends | 780 TREASURE DR SW","CONCORD","NC","28025","Entertainment","NC Fairs & Festivals 2025","Current","1/1/2025"
"Kelly Fortenberry","kellyf@imaginemusicgroup.com","","","","","","Imagine Music Group | 9611 Brookdale Dr Ste 100-115","Charlotte","NC","28215","","NC Fairs & Festivals 2025","",""
"Nick Hofstetter","shilohhillmusic@gmail.com","","","","","http://www.shilohhillmusic.com","Shiloh Hill | 2316 S. Broad Street","Winston Salem","NC","27403","","NC Fairs & Festivals 2025","",""
"Linda Lee","superioricellc@gmail.com","","","","","","Superior Ice LLC | P.O. Box 44","Rocky Point","NC","28457","","NC Fairs & Festivals 2025","",""
"Travis Frye","travis@mtairyncchamber.org","","","","","","Autumn Leaves Festival | P.O. Box 913","Mount Airy","NC","27030","","NC Fairs & Festivals 2025","",""
"Taylor Roberts","roberta@danvilleva.gov","City of Danville Parks & Rec","","","","","City of Danville Parks & Rec | P.O. Box 3300","Danville","VA","24543","Events","NC Fairs & Festivals 2025","Current","1/1/2026"
"Korena Weichel","kweichel@cityofcreedmoor.org","","","","","","Creedmoor Music Festival | P.O. BOx 765","Creedmoor","NC","27522","","NC Fairs & Festivals 2025","",""
"Pamela Mills","pmills@chinagrovenc.gov","","","","","","Farmers Day/CHina Grove | 333 N. Main Street","China Grove","NC","28023","","NC Fairs & Festivals 2025","",""
"Erin Kegley","ekegley@harrisburgnc.org","Harrisburg July 4th Celebration","","","","","Harrisburg July 4th Celebration | P.O. BOx 100","Harrisburg","NC","28075","Festival","NC Fairs & Festivals 2025","Current","1/1/2026"
"Laura Morris","lmorris@lincolntonnc.org","Lincoln County Apple Festival","","","","","Lincoln County Apple Festival | P.O. Box 435","Lincolnton","NC","28093","Festival","NC Fairs & Festivals 2025","Current","1/1/2026"
"Jessica Bybee-Dziedzic","","Saffire","","","","","","","","","Websites, Ticketing in an integrated platform","NC Fairs & Festivals 2025","Current","1/1/2025"
"Amanda Heskin","aheskin@jacksonvillenc.gov","Jacksonville Recreation & Parks","","","","","Jacksonville Recreation & Parks | 100 Recreation Lane","Jacksonville","NC","28546","Festival","NC Fairs & Festivals 2025","Current","1/1/2026"
"Danielle Fredrickson","","Zambelli Fireworks","","","","","Zambelli Fireworks | 1060 Holland Drive, Suite J","Boca Raton","FL","33487","Fireworks","NC Fairs & Festivals 2025","Current","1/1/2026"
"Stephanie Hedrick","","NC Festivals 2","","","Business: 336-956-1880","","P.O. Box 1642","Lexington","NC","27293","Festival","NC Fairs & Festivals 2025","Current","1/1/2025"
"Michael Neese","","","","","","","Indian Land Fall Festival | 134 Fort Mill Hwy","Indian Land","SC","29707","","NC Fairs & Festivals 2025","",""
"Stephanie Key","","Pender County Tourism","","","","","","","","","Events","NC Fairs & Festivals 2025","Current","1/1/2026"
"Cory Hughes","","","","","","","Scotland County Tourism | 507 West Covington St","Laurinburg","NC","28352","","NC Fairs & Festivals 2025","",""
"Super Admin","ashley@saffire.com","Saffire","","","","","","","","","Websites, Ticketing in an integrated platform","NC Fairs & Festivals 2025","Current","1/1/2025"
"Eric Anthony","","","","","","http://www.radiorevolver.net","Radio Revolver | 17 Elm Grove Way","Greensboro","NC","27405","","NC Fairs & Festivals 2025","",""
"Rachel  Todd","","","","","","","NC Yam Festival | P.O. Box 725","Tabor City","NC","28463","","NC Fairs & Festivals 2025","",""
"James Romer","","","","","","","Got To Be NC Festival | 1025 Blue Ridge Rd","Raleigh","NC","27607","","NC Fairs & Festivals 2025","",""
"Kent Yelverton","kent.yelverton@ncagr.gov","Got to Be NC Festival","","","","","","","","","Festival","NC Fairs & Festivals 2025","Current","1/1/2026"
"Keith Tobin","keith.tobin@thomasvillechamber.net","Everybody's Day","","","","","","","","","Festival","NC Fairs & Festivals 2025","Current","1/1/2026"
"Byron Carroll","info@grapefullsistersvineyard.com","","","","","","Hippies for Hope | 95 Dots Drive","Tabor City","NC","28463","","NC Fairs & Festivals 2025","",""
"Rick Allen","","","","","","","","","","","","NC Fairs & Festivals 2025","",""
"Greg Adair","greg.adair.rmg@gmail.com","Rivermist Band","","","Business: 9107977140","http://www.rivermistband.com","Rivermist Band | 2325 Cleveland Ave | Street Address 2","Fayetteville","NC","28312","Band","NC Fairs & Festivals 2025","Current","1/1/2026"
"Debra Pylypiw","","Swansboro Festivals","","","","","Swansboro Festivals | 601 W. Corbett Ave","Swansboro","NC","28584","Festival","NC Fairs & Festivals 2025","Current","1/1/2026"
"Crystal Keener","tourism@north-wilkesboro.com","","","","","","Stills and Grills Fest/North Wilkesboro | P.O. Box 218","North Wilkesboro","NC","28659","","NC Fairs & Festivals 2025","",""
"Bill Pickett","bill@ncfestivals.com","The Barbecue Festival, Inc.","","","","","","","","","Festival","NC Fairs & Festivals 2025","Current","1/1/2025"
"Shaun Jay","info@shaunjaymagic.com","","","","","","Always Amazing Magic | P.O. Box 58792","Raleigh","NC","27658","","NC Fairs & Festivals 2025","",""
"Amanda  Fletcher","amanda.fletcher@raleighnc.gov","","","","","","","","","","","NC Fairs & Festivals 2025","",""
"Jenna Kostka","jenna.kostka@raleighnc.gov","","","","","","City of Raleigh/Moore Square | 226 East Martin Street","Raleigh","NC","27601","","NC Fairs & Festivals 2025","",""
"Francine Rosa","francine@tcseventrentals.com","TCS Event Rentals","","","","","TCS Event Rentals | PO Box 1957","Burlington","NC","27216","Tents, Staging, Tables, Chairs, Restrooms","NC Fairs & Festivals 2025","Current","1/1/2025"
"Joy Ennis","joy.ennis@townofcary.org","","","","","","BEYOND: The Film Festival | 122 East Chatham Street","Cary","NC","27511","","NC Fairs & Festivals 2025","",""
"Jackie Harlow","jharlow@townofleland.com","","","","","","Town of Leland | 102 Town Hall Drive","Leland","NC","28451","","NC Fairs & Festivals 2025","",""
"Drew Walsh","awalsh@bookece.com","","","","","","East Coast Enterttainment | 8364 Sixforks Rd #200","Raleigh","NC","27615","","NC Fairs & Festivals 2025","",""
"Barry Herndon","bherndon@bookece.com","","","","","","","","","","","NC Fairs & Festivals 2025","",""
"Ray Nock","rnock@kingcanopy.com","","","","","","","","","","","NC Fairs & Festivals 2025","",""
"Rob Westcott","robertfwestcott@gmail.com","Rob Westcott Magic","","","","http://robwestcottmagic.com","Rob Westcott Magic | 541 Cedar Ln","Virginia Beach","VA","23452","Comedy Family Magic","NC Fairs & Festivals 2025","Current","1/1/2026"
"Marcus Thompson","","","","","","","Extreme Inflatables | 1103 Merry Street","Dunn","NC","28334","","NC Fairs & Festivals 2025","",""
"Olivia Gomez","","","","","","","Festival By The Sea | P.O. Box 1354","Shallotte","NC","28459","","NC Fairs & Festivals 2025","",""
"Dr. Brianna Clark","bclark1@highpoint.edu","High Point University","","","","","","","","","Education","NC Fairs & Festivals 2025","Current","1/1/2026"
"Shelby Stover","","","","","Cell: 9808923131","http://www.https://9daytrip.com","9 Day Trip | 370 Odell Drive","Salisbury","NC","28146","","NC Fairs & Festivals 2025","",""
"Patrick  O'Brien","","","","","","","2319 Morganton Rd","Fayetteville","NC","28303","","NC Fairs & Festivals 2025","",""
"Cristy B. Cummings","ccummings@cramerton.org","Cramerton Parks & Recreation","","","","http://www.lowellnc.com","Cramerton | 8 Julian Street","Cramerton","NC","28032","Festival","NC Fairs & Festivals 2025","Current","1/1/2026"
"Christian  Legner","clegner@townofduck.com","","","","","","Duck Jazz Festival | P.O. Box 8369","Duck","NC","27949","","NC Fairs & Festivals 2025","",""
"Rod Shuler","rod@emeraldowlproductions.com","Emerald Owl Productions. Inc.","","","","","","","","","Laser Light Show, Lighting & Sound","NC Fairs & Festivals 2025","Current","1/1/2026"
"Rebecca Bentley","rebecca.bentley@townofhudsonnc.com","","","","Business: 8287288272","http://ncbutterflyfest.com","NC Butterfly Festival | P.O. Box 457","Hudson","NC","28638","","NC Fairs & Festivals 2025","",""
"Tanya Yearick","cs@townofhudsonnc.com","NC Butterfly Festival","","","","","","","","","Festival","NC Fairs & Festivals 2025","Current","1/1/2025"
"Dennis Lewis","dkl1123@yahoo.com","","","","","","Hale Artificier Fireworks, Inc | 545 New Bowers Road","Lexington","NC","27292","","NC Fairs & Festivals 2025","",""
"Jessica Leon","eventplanner@onslowoktoberfest.org","","","","","","","","","","","NC Fairs & Festivals 2025","",""
"Carol Campbell","carol@ncseafoodfestival.org","","","","","","","","","","","NC Fairs & Festivals 2025","",""
"DAN RUSSO","DRUSSO1@NC.RR.COM","","","","","","Music Way Productions | 2464 Village of Wakefield Drive","Zebulon","NC","27597","","NC Fairs & Festivals 2025","",""
"Allie Strickland","allison.strickland14@gmail.com","","","","","","Town of Roseboro | P.O. Box 848","Roseboro","NC","28328","","NC Fairs & Festivals 2025","",""
"Lynn Davis","manager@belhavennc.us","","","","","","Belhaven 4th of July | P.O. Box 220","Belhaven","NC","27810","","NC Fairs & Festivals 2025","",""
"Ronald Prater","stedmanhistorical@gmail.com","","","","","","Stedman Historical Promotions | P.O. Box 831","Stedman","NC","28391","","NC Fairs & Festivals 2025","",""
"Dominic Boscaglia","dom@palmettoamusements.com","","","","","","","","","","","NC Fairs & Festivals 2025","",""
"Kyle Case","togetherwecreatedowntown@gmail.com","","","","Business: 8287574451|Cell: 8285723031","http://www.SmokingintheFoothills.com","Smoking in the Foothills BBQ Competition & Festival | 309 Sheldon Street","Hudson","NC","28638","","NC Fairs & Festivals 2025","",""
"Christine Carlson","christinec@cityofgastonia.com","City of Gastonia Parks & Recreation","","","Business: 7048697892","http://www.cityofgastonia.com/","City of Gastonia Parks & Recreation | 109 West Second Avenue","Gastonia","NC","28052","Festival","NC Fairs & Festivals 2025","Current","1/1/2026"
"Cam Carpenter","camc@cityofgastonia.com","City of Gastonia Parks & Recreation","","","","","City of Gastonia Parks & Rec | 109 West Second Ave","Gastonia","NC","28054","Festival","NC Fairs & Festivals 2025","Current","1/1/2026"
"Spencer Hall","Spencer.hall@gastongov.com","Gaston Co. Parks & Rec.","","","","","Cotton Ginning Days | P.O. Box 1578","Gastonia","NC","28053","Festival","NC Fairs & Festivals 2025","Current","1/1/2025"
"Ryan Handerhan","ryan@tap-nc.com","TAP Barricade Rentals","","","Business: 9198899699","https://www.tap-nc.com","TAP Barricade Rentals | 1237 Teakwood Place","Raleigh","NC","27606","Crowd Control Equipment Rentals & Sales","NC Fairs & Festivals 2025","Current","1/1/2025"
"Rachel Andrea","randrea@cramerton.org","","","","Business: 704-824-4231","http://www.cramerton.org","Cramerton Parks & Recreation | 155 N Main St","CRAMERTON","NC","28032","","NC Fairs & Festivals 2025","",""
"Cheri Love","","","","","","","City of Mount Holly | 400 East Central Avenue | PO Box 406","MOUNT HOLLY","NC","28120","","NC Fairs & Festivals 2025","",""
"Mark Jusko","","City of Mount Holly","","","","","City of Mount Holly | P.O. Box 406","Mount Holly","NC","28120","Festival","NC Fairs & Festivals 2025","Current","1/1/2026"
"Kelli Waller","kwaller@cityofcreedmoor.org","","","","","","","","","","","NC Fairs & Festivals 2025","",""
"Kim Fleming","kfleming@townofdavidson.org","","","","","","Town of Davidson | P.O. Box 579","Davidson","NC","28036","","NC Fairs & Festivals 2025","",""
"Olivia Dawson","odawson@pendercountync.gov","Pender County Tourism","","","Business: 9102590311|Cell: 9107875007","http://visitpender.com","Pender County Tourism | Po Box 177","Burgaw","NC","28425","Events","NC Fairs & Festivals 2025","Current","1/1/2026"
"Kimberly Ingold","ingold.Kimberly@anson.k12.nc.us","","","","","","P.O. Box 1748","Albemarle","NC","28002","Education","NC Fairs & Festivals 2025","",""
"Foster Hughes","hughesf@newbernnc.gov","New Bern Parks & Recreation","","","","http://www.NewBernNC.gov","New Bern Parks & Recreation | P.O. Box 1129","New Bern","NC","28563","Festival","NC Fairs & Festivals 2025","Current","1/1/2025"
"Gloria Rogers","townclerk@belhavennc.us","","","","","","Belhaven 4th of July | P.O. Box 220","Belhaven","NC","27810","","NC Fairs & Festivals 2025","",""
"Ginger Johnson","ginger@yanceychamber.com","","","","Business: 828-682-7413","http://www.yanceychamber.com","Mount Mitchell Crafts Fair | 106 West Main Street","Burnsville","NC","28714","","NC Fairs & Festivals 2025","",""
"Tarus Clark","","","","","","","","","","","","NC Fairs & Festivals 2025","",""
"Christy Craig","ccraig@pilotmountainnc.org","Town of Pilot Mountain","","","","","Town of Pilot Mountain | 124 W. Main Street","Pilot Mountain","NC","27041","Festival","NC Fairs & Festivals 2025","Current","1/1/2025"
"Christy Craig","craigchristy1028@gmail.com","Town of Pilot Mountain","","","","","Town of Pilot Mountain | 124 W. Main Street","Pilot Mountain","NC","27041","Festival","NC Fairs & Festivals 2025","Current","1/1/2025"
"peter St Onge","pete@munnerlynpyro.com","","","","Cell: 8032360569","http://www.munnerlynpyro.com","Munnerlyn Pyrotechnics | 106 Dogwood Place Court","Lexington","SC","29072","","NC Fairs & Festivals 2025","",""
"Brent Munnerlyn","brent@munnerlynpyro.com","","","","","","Munnerlyn Pyrotechnics | 106 Dogwood Place Court","Lexington","SC","29072","","NC Fairs & Festivals 2025","",""
"Wilmington RiverFest","wilmingtonriverfest@gmail.com","","","","","","PO Box 7735","Wilmington","NC","28406","","NC Fairs & Festivals 2025","",""
"Tom Siebrasse","tom@carolinacountry.com","","","","","","Carolina Country Magazine | 30151 Walser","Chapel Hill","NC","27517","","NC Fairs & Festivals 2025","",""
"Desmond Sharpe","","","","","","","Sharpe Pursuits, Inc. | 1904 Fairfax Rd, Suite E","Greensboro","NC","27407","","NC Fairs & Festivals 2025","",""
"Jackie Sibley-Newton","jsibley2405@gmail.com","","","","","","Foothills Merry Go Round Festival | 850 W. Sumter Street","Shelby","NC","28150","","NC Fairs & Festivals 2025","",""
"Kim Cockrell","ncherringfestival@gmail.com","North Carolina Herring Festival/Jamesville","","","","","NC Herring Festival | P.O. Box 215","Jamesville","NC","27846","Festival","NC Fairs & Festivals 2025","Current","1/1/2025"
"Mike Chambers","munchiewagon09@yahoo.com","","","","","","Munchie Wagon, LLC | 138 Chestnut Lane","Winston Salem","NC","27107","","NC Fairs & Festivals 2025","",""
"Dwight Chandler","dwight@tcseventrentals.com","TCS Event Rentals","","","","","TCS Event Rentals | 3158 Lear Drive","Burlington","NC","27215","Tents, Staging, Tables, Chairs, Restrooms","NC Fairs & Festivals 2025","Current","1/1/2025"
"Stephanie  Rzonca","srzonca@rutherfordton.net","","","","","","Rutherford Town Revitalization | 129 North Main Street","Rutherfordton","NC","28139","","NC Fairs & Festivals 2025","",""
"Dawn Sigmund","dawn@matthewschamber.org","","","","","","Matthews Chamber of Commerce | 210 Matthews Station Street","Matthews","NC","28105","","NC Fairs & Festivals 2025","",""
"Dana Wooten","","Clayton Harvest Festival","","","","","Clayton Harvest Festival | 301 East Main Street","Clayton","NC","27520","Festival","NC Fairs & Festivals 2025","Current","1/1/2026"
"Jennifer Scott","","","","","","","Rosefest Pink Hill | 301 S. Pine Street","Pink Hill","NC","28572","","NC Fairs & Festivals 2025","",""
"Maria Smith","","Clayton Harvest Festival","","","","","","","","","Festival","NC Fairs & Festivals 2025","Current","1/1/2026"
"Malia Allen","","Fayetteville Dogwood Festival","","","","","Fayetteville Dogwood Festival | P.O. Box 1321","Fayetteville","NC","28302","Festival","NC Fairs & Festivals 2025","Current","1/1/2026"
"Malia Allen","","","","","","","Fayetteville Dogwood Festival | P.O. Box 1321","Fayetteville","NC","28302","","NC Fairs & Festivals 2025","",""
"Sara Becker","","","","","","","Fayetteville Dogwood Festival | P.O. Box 1321","Fayetteville","NC","28302","","NC Fairs & Festivals 2025","",""
"April McTaggart","april.mctaggart@gmail.com","","","","Business: 9196002611","http://www.transitvocalband.com","Transit Vocal Band | 435 Bendemeer Lane","Rolesville","NC","27571","","NC Fairs & Festivals 2025","",""
"Tylr  Stinson","recreation@silercity.org","Siler City Parks and Recreation","","","","http://www.silercity.org","Siler City Parks & Recreation | 311 N. Second Ave","Siler City","NC","27207","Festival","NC Fairs & Festivals 2025","Current","1/1/2025"
"Nichole Sloop","nsloop@mooresvillenc.gov","","","","","","Mooresville Parks & Recreation | P.O. Box 1455","Mooresville","NC","28115","","NC Fairs & Festivals 2025","",""
"Rebecca Curry","","","","","","","The Scrap Exchange | 2050 Chapel Hill Road","Durham","NC","27707","","NC Fairs & Festivals 2025","",""
"Theresa Mathis","","NC Whirligig Festival","","","","","","","","","Festival","NC Fairs & Festivals 2025","Current","1/1/2026"
"Monique Roberts","","Duplin County Events Center","","","","","","","","","Festival","NC Fairs & Festivals 2025","Current","1/1/2025"
"Greg Adair Rivermist Band","","Rivermist Band","","","","","","","","","Band","NC Fairs & Festivals 2025","Current","1/1/2026"
"Keith  Robinson","","","","","","","","","","","","NC Fairs & Festivals 2025","",""
"Joy Almond","","","","","","","City of Albemarle | P.O. Box 190","Albemarle","NC","28002","","NC Fairs & Festivals 2025","",""
"Arts Council","","Fayetteville/Cumberland Co. Arts Council","","","Business: 9103231776","http://www.theartscouncil.com","Fayetteville/Cumberland Co. Arts Council | 301 Hay Street","Fayetteville","NC","28301","Festival","NC Fairs & Festivals 2025","Current","1/1/2026"
"JC Parrish","","","","","","","Ramseur/Eastern Randolph Chamber | P.O. Box 1053","Ramseur","NC","27316","","NC Fairs & Festivals 2025","",""
"Yasu Ishida","yasutheatre@gmail.com","","","","","http://www.yasutheatre.com","Yasu Ishida, Magic Story Artist | 1425 Teague Road, Apt 108","Myrtle Beach","SC","29577","","NC Fairs & Festivals 2025","",""
"Karyn Owens","karyn.owens@clevelandcountync.gov","Cleveland Co. Travel & Tourism","","","Business: 704-484-4940","http://www.nclivermushfestival.com","Cleveland Co Travel & Tourism | 311 E. Marion Street","Shelby","NC","28150","Festival","NC Fairs & Festivals 2025","Current","1/1/2025"
"Cathy Noble","cathy@commdirect.com","CommDirect Rental","","","Business: 630-406-5341","","CommDirect Rental | 8117 Austin Ave. | Rental office - Charlotte NC","Morton Gove","IL","60053","Two Way Radio Rentals","NC Fairs & Festivals 2025","Current","1/1/2025"
"Tana  Faircloth","roseborotcfo@roseboronc.com","Town of Roseboro","","","","","Town of Roseboro | P.O. Box 848 | 101 W. Pleasant Street","Roseboro","NC","28382","Festival","NC Fairs & Festivals 2025","Current","1/1/2026"
"Emil LaCivita","elacivita@nc.rr.com","","","","Business: 919-349-5058","http://www.lovetriberocks.com","Love Tribe Band | 6205 Carlyle Drive","Raleigh","NC","27614","","NC Fairs & Festivals 2025","",""
"David  Myers","Bookbigbreak@gmail.com","","","","","","Big Break | 1023 Lauren Glen Drive","China Grove","NC","28023","","NC Fairs & Festivals 2025","",""
"Aaron Shackelford","","","","","","","Festy Westy | 2700 Little River Drive","Hillsborough","NC","27278","","NC Fairs & Festivals 2025","",""
"Jessica Wiitala","jwiitala@highpoint.edu","High Point University","","","","","High Point University | One University Pkwy, Dr 33","High Point","NC","27268","Education","NC Fairs & Festivals 2025","Current","1/1/2026"
"Ashley Duncan","ashley.duncan@rowancountync.gov","Autumn Jubilee/Rowan Co.","","","","","Autumn Jubilee/Rowan Co. | 6800 Bringle Ferry Road","Salisbury","NC","28146","Festival","NC Fairs & Festivals 2025","Current","1/1/2026"
"Daniel Spivey","dspivey@silercity.org","","","","","","Siler City/Spring Chicken | P.O. Box 769","Siler City","NC","27344","","NC Fairs & Festivals 2025","",""
"Bobby Jenks","bobbyj@ccfair.net","","","","","","Cleveland Co Strawberry Festival | 1751 E Marion Street","Shelby","NC","28152","","NC Fairs & Festivals 2025","",""
"Kaylnn Horn","khorn@lenoir-nc.gov","","","","","","Smoking in the Foothills | 309 Sheldon Street","Hudson","NC","28638","","NC Fairs & Festivals 2025","",""
"Kali Moore","kbmoore@statesvillenc.net","","","","","","Statesville Rec & Parks | P.O. Box 1111","Statesville","NC","28677","","NC Fairs & Festivals 2025","",""
"Heather Warren","heather.warren@thomasvillechamber.net","Everybody's Day","","","","","Everybody's Day | P.O. Box 1400","Thomasville","NC","27360","Festival","NC Fairs & Festivals 2025","Current","1/1/2026"
"Marty Smith","","","","","","","Denver Days | P.O. Box 1701","Denver","NC","28037","","NC Fairs & Festivals 2025","",""
"Yvette  Broussard","ybroussard@lowellnc.com","","","","","","City of Lowell | 101 W. First Street","Lowell","NC","28098","","NC Fairs & Festivals 2025","",""
"Angela Padgett","angela.padgett@cityofkm.com","City of Kings Mountain","","","Business: 704-730-2101","","City of Kings Mountain | P.O. Box 429","Kings Mountain","NC","28086","Festival","NC Fairs & Festivals 2025","Current","1/1/2026"
"Chase Miller","carolinafunfood@gmail.com","","","","","http://www.facebook.com/CarolinaTeaCompany","Carolina Tea Company | 3712 Lancaster Hwy","Monroe","NC","28112","","NC Fairs & Festivals 2025","",""
"Mickey Wall","mickeywall64@gmail.com","","","","Business: 336-215-8338|Cell: 336-215-8338","http://Chelseasorrellandrunawaytrain.com","Runaway Train | 3506 Running Cedar Trail","High Point","NC","27265","","NC Fairs & Festivals 2025","",""
"Melanie Whitesides","melanie.whitesides@unitedsiteservices.com","United Site Services, Inc.","","","","","United Site Services | 212 Bulb Ave","Gastonia","NC","28052","Portable Restrooms","NC Fairs & Festivals 2025","Current","1/1/2025"
"Blake Rogers","blake.rogers@unitedsiteservices.com","","","","","","United Site Services | 212 Bulb Avenue","Gastonia","NC","28052","","NC Fairs & Festivals 2025","",""
"Jennifer Herbert","jherbert@wakeforestnc.gov","Town of Wake Forest - Downtown Development","","","Business: 919-435-9247","http://www.wakeforestnc.gov","Town of Wake Forest | 301 S. Brooks Street","Wake Forest","NC","27587","Festival","NC Fairs & Festivals 2025","Current","1/1/2026"
"Joe Williams","jcwilliamsentertainment@gmail.com","John Coltrane International Jazz & Blues Festival","","","","","John Coltrane International Jazz & Blues | 1589 Skeet Club Rd,Suite 102,PMB 101","High Point","NC","27265","Festival","NC Fairs & Festivals 2025","Current","1/1/2026"
"Patrick Harman","patrick@coltranejazzfest.com","John Coltrane International Jazz & Blues Festival","","","","","John Coltrane International Jazz & Blues | 1589 Skeet Club Rd Suite 102 PMB 101","High Point","NC","27265","Festival","NC Fairs & Festivals 2025","Current","1/1/2026"
"Courtney Ashley","courtneyashley@townofforestcity.com","","","","","","Town of Forest City | P.O. Box 728","Forest City","NC","28043","","NC Fairs & Festivals 2025","",""
"Hardy Walker","hardywalker@sesystems.com","SE Systems, Inc.","","","","","SE Systems | 2605 Phoenix Drive","Greensboro","NC","27406","Production Services, Sound & Lighting, Staging","NC Fairs & Festivals 2025","Current","1/1/2025"
"Jennifer Bryant","jenn30_75@yahoo.com","","","","","","Town of Troy | 315 N. Main St.","Troy","NC","27371","","NC Fairs & Festivals 2025","",""
"David Crooks","rockypointfestivals@gmail.com","","","","","","Rocky Point Events | P.O. Box 1363","Burgaw","NC","28425","","NC Fairs & Festivals 2025","",""
"Sarah Radcliff","sradcliff@ayden.com","Ayden Collard Festival","","","","","Adyen Collard Festival | P.O. Box 186","Ayden","NC","28513","Festival","NC Fairs & Festivals 2025","Current","1/1/2025"
"Morgan Brookshire","","Lexington Tourism Authority","","","Business: 13362364218","http://visitlexingtonnc.com","Lexington Tourism Authority | 2 N. Main Street","Lexington","NC","27292","Events","NC Fairs & Festivals 2025","Current","1/1/2026"
"Zoey LeTendre","zletendre@townofleland.com","Town of Leland/Leland in Lights","","","","","Leland's Founders Day | 102 Town Hall Drive","Leland","NC","28451","Events","NC Fairs & Festivals 2025","Current","1/1/2026"
"Kirk Ballard","kirk@mooresvillenc.org","Race City Festival","","","","","","","","","Festival","NC Fairs & Festivals 2025","Current","1/1/2025"
"Roy Brown","drb914@aol.com","SE Systems, Inc.","","","","","2605 Phoenix Drive","Greensboro","NC","27406","Production Services, Sound & Lighting, Staging","NC Fairs & Festivals 2025","Current","1/1/2025"
"Laura Nicholson","director@scrapexchange.org","","","","","","The Scrap Exchange | 2050 Chapel Hill Rd","Durham","NC","27707","","NC Fairs & Festivals 2025","",""
"Christofer Hatco","chatco@carolinagolfcars.com","","","","","","Carolina Golf Cars | 8740 Wilkinson Blvd","Charlotte","NC","28214","","NC Fairs & Festivals 2025","",""
"Sarah Leach","jimquickbooking@gmail.com","Jim Quick and Coastline Band","","","","","Jim Quick and Coastline Band | 646 Providence Drive","Myrtle Beach","SC","29572","Band","NC Fairs & Festivals 2025","Current","1/1/2026"
"Tim Troutman","timatroutman@gmail.com","","","","","","Charlotte Stage & Sound | 284 Ann Street","Concord","NC","28027","","NC Fairs & Festivals 2025","",""
"Caroline Lewis","caroline@poplargrove.org","","","","","","Poplar Grove Foundation | 10200 US Hwy 17 N.","Wilmington","NC","28411","","NC Fairs & Festivals 2025","",""
"Chris Sardelli","csardelli@fortmillsc.gov","SC Strawberry Festival/Town Fort Mill","","","","","SC Strawberry Festival | P.O. Box 159","Fort Mill","SC","29715","Festival","NC Fairs & Festivals 2025","Current","1/1/2026"
"Anna Stanley","astanley@ci.swansboro.nc.us","Swansboro Festivals","","","Business: 9103262600","http://swansborofestivals.com","Swansboro Festivals | 601 W. Corbett Ave","Swansboro","NC","28584","Festival","NC Fairs & Festivals 2025","Current","1/1/2026"
"Matt Sellers","airplayeventsnc@gmail.com","","","","","","AirPlay Events, LLC | 426 Canter Crest Road","Hampstead","NC","28443","","NC Fairs & Festivals 2025","",""
"Rob Burbank","director@rtrnc.org","","","","","","Rutherford Town Revitalization | 129 North Main Street","Rutherfordton","NC","28139","","NC Fairs & Festivals 2025","",""
"Tommy Sugg","tommy.sugg@yahoo.com","","","","","","Grifton Shad Festival | P.O. Box 928","Grifton","NC","28530","","NC Fairs & Festivals 2025","",""
"Doug Barrick","dbarrick@rutherfordton.net","","","","","","","","","","","NC Fairs & Festivals 2025","",""
"Adam Bell","a_bell925@yahoo.com","","","","","","","","","","","NC Fairs & Festivals 2025","",""
"Eric Smallwood","esmallwood@cramerton.org","","","","","","Cramerton Parks & Rec | 155 N Main Street","Cramerton","NC","28032","","NC Fairs & Festivals 2025","",""
"Suzette Hawley","suzette@poplargrove.org","","","","","","Poplar Grove Foundation | 10200 US Hwy 17 N.","Wilmington","NC","28411","","NC Fairs & Festivals 2025","",""
"Liz Hynes","Liz@57marketing.com","57 Marketing","","","","","57 Marketing | 128 Cedar Circle","Washington","NC","27889","Marketing Agency,Digital/Social Media, Web Design, Video Production, Virtual Events","NC Fairs & Festivals 2025","Current","1/1/2026"
"Phil Boggan","pboggan@cityofbelmont.org","City of Belmont - Community Development Department","","","","","City of Belmont | PO Box 431","Belmont","NC","28012","Events","NC Fairs & Festivals 2025","Current","1/1/2025"
"Nausheen Punjani","nausheen@eventeny.com","Eventeny","","","","","Eventeny | P.O. Box 921038","Peachtree Corners","GA","30010","Event Management Platform for Live & VIrtual Events","NC Fairs & Festivals 2025","Current","1/1/2026"
"Lindsay Small","lsmall@huntersville.org","Town of Huntersville","","","Business: 7047662253","https://www.huntersville.org/191/Events","Town of Huntersville | P.O. Box 2879","Huntersville","NC","28070","Events","NC Fairs & Festivals 2025","Current","1/1/2026"
"Tracy Houk","thouk@huntersville.org","","","","","","Town of Huntersville | P.O. Box 2879","Huntersville","NC","28070","","NC Fairs & Festivals 2025","",""
"Jackie Tuckey","JTuckey@ci.fay.nc.us","Fayetteville Dogwood Festival","","","","","Fayetteville Dogwood Festival | PO Box 1321","Fayetteville","NC","28302","Festival","NC Fairs & Festivals 2025","Current","1/1/2026"
"Scott Musgrave","timothy.musgrave@pbvllc.com","Pepsi Bottling Ventures, LLC","","","Cell: 336-829-9578","","Pepsi Bottling Ventures | 390 Business Park Dr","Winston Salem","NC","27107","Beverage Service","NC Fairs & Festivals 2025","Current","1/1/2026"
"Regina Gobb","rgobb@aol.com","","","","","","Festival By The Sea | PO Box 1354","Shallottee","NC","28459","","NC Fairs & Festivals 2025","",""
"Dee Carlisle","deesrental@atmc.net","","","","","","Festival By The Sea | P.O. Box 1354","Shallotte","NC","28459","","NC Fairs & Festivals 2025","",""
"Jessica Gallant","jgallant@brunswickcountychamber.org","North Carolina Oyster Festival","","","","","North Carolina Oyster Festival | 112 Pine Street","Shallotte","NC","28470","Festival","NC Fairs & Festivals 2025","Current","1/1/2025"
"Gail Parker","gailparker@sesystems.com","SE Systems, Inc.","","","","","SE Systems | 2605 Phoenix Drive","Greensboro","NC","27406","Production Services, Sound & Lighting, Staging","NC Fairs & Festivals 2025","Current","1/1/2025"
"Vivian Koontz","","City of Salisbury/Cheerwine Festival","","","","","City of Salisbury/Cheerwine Festival | 130 S. Main Street","Salisbury","NC","28144","Events","NC Fairs & Festivals 2025","Current","1/1/2026"
"Shannon Viera","sviera@statesvillechamber.org","Greater Statesville Chamber of Comm","","","","","Greater Statesville Chamber | 121 N. Center St Suite 101","Statesville","NC","28677","Festival","NC Fairs & Festivals 2025","Current","1/1/2025"
"Jean Sugg","jeansugg@yahoo.com","Grifton Shad Festival","","","","http://www.griftonshadfestival.com","Grifton Shad Festival | PO Box 928","Grifton","NC","28530","Festival","NC Fairs & Festivals 2025","Current","1/1/2026"
"Travis Stewart","","Uptown Lexington, Inc.","","","","","Uptown Lexington, Inc. | 13 East First Avenue","Lexington","NC","27292","Festival","NC Fairs & Festivals 2025","Current","1/1/2026"
"Jacob Gordon","jacob@uptownlexington.com","","","","","","Uptown Lexington, Inc. | 13 East First Avenue","Lexington","NC","27292","","NC Fairs & Festivals 2025","",""
"Christine Ingle","christine.ingle@gastonianc.gov","City of Gastonia Parks & Recreation","","","","","City of Gastonia | 109 W. Second Avenue","Gastonia","NC","28052","Festival","NC Fairs & Festivals 2025","Current","1/1/2026"
"Jordan Williams","bjwilliams@pinevillenc.gov","Pineville Fall Fest","","","","","Pineville Parks & Recreation | PO Box 249","Pineville","NC","28134","Festival","NC Fairs & Festivals 2025","Current","1/1/2025"
"Melissa Drye","meldrye@salisburync.gov","City of Salisbury/Downtown Salisbury, Inc.","","","","","Downtown Salisbury, Inc. | PO Box 479","Salisbury","NC","28145","Festival","NC Fairs & Festivals 2025","Current","1/1/2026"
"Mike  Dougherty","mdougherty@edennc.us","","","","","","RiverFest Eden | PO Box 70","Eden","NC","27289","","NC Fairs & Festivals 2025","",""
"Theo  McClammy","eventplanner@onslowco.org","","","","","","Onslow Oktoberfest | 600 Court Street","Onslow","NC","28540","","NC Fairs & Festivals 2025","",""
"Jennifer Johnson","jennifer.johnson@unitedsiteservices.com","","","","","","United Site Services | 212 Bulb Avenue","Gastonia","NC","28052","","NC Fairs & Festivals 2025","",""
"Taylor Roberts","taylor.roberts@danvilleva.gov","City of Danville Parks & Rec","","","","","Danville Parks & Recreation | 760 West Main Street","Danville","VA","24540","Events","NC Fairs & Festivals 2025","Current","1/1/2026"
"Kara Robertson","roberkp@danvilleva.gov","","","","","","City of Danville Parks & Rec | 645 River Park Drive","Danville","VA","24540","","NC Fairs & Festivals 2025","",""
"Larry Brooks","larrlavernebrook@gmail.com","","","","","","Chatham County Fair | PO Box 1036","Pittsboro","NC","27312","","NC Fairs & Festivals 2025","",""
"Michael Meyer","info@emeraldowlproductions.com","Emerald Owl Productions. Inc.","","","","http://www.eopexperience.com","","","","","Laser Light Show, Lighting & Sound","NC Fairs & Festivals 2025","Current","1/1/2026"
"Elaine Mann","director@yanceychamber.com","Mount Mitchell Crafts Fair","","","Business: 828-682-7413","http://www.yanceychamber.com/crafts-fair","Mount Mitchell Crafts Fair | 106 West Main Street","Burnsville","NC","28714","Festival","NC Fairs & Festivals 2025","Current","1/1/2025"
"Cheryl  Muldrow","cmuldrow@townofwingatenc.gov","Town of Wingate Summer Fun Festival","","","Business: 7042334411","","Town of Wingate Summer Fun Festival | PO BOX 367","WINGATE","NC","28174","Festival","NC Fairs & Festivals 2025","Current","1/1/2026"
"Cheryl Muldrow","cmuldrow@townofwingatenc.gov","Town of Wingate Summer Fun Festival","","","Business: 7042334411","http://townofwingatenc.gov","Town of Wingate Summer Fun Festival | PO Box 367","Wingate","NC","28174","Festival","NC Fairs & Festivals 2025","Current","1/1/2026"
"Tim Hair","timhair11@gmail.com","","","","","","Indian Outlaw/Tribute to Tim McGraw | 998 Center Church Rd","Sanford","NC","27330","","NC Fairs & Festivals 2025","",""
"Karen Genua","businessspecialist@swissbear.org","Mumfest/Swiss Bear Downtown","","","","","Mumfest/Swiss Bear | PO Box 597","New Bern","NC","28563","Festival","NC Fairs & Festivals 2025","Current","1/1/2026"
"Christine Lockett","clockett@charlottecentercity.org","Charlotte Center City Partners","","","","","Charlotte Center City | 200 South Tryon St Suite 1600","Charlotte","NC","28202","Festival","NC Fairs & Festivals 2025","Current","1/1/2026"
"Ted Hagaman","tshagaman022@wilkescc.edu","","","","","","MerleFest | PO Box 120","Wilkesboro","NC","28697","","NC Fairs & Festivals 2025","",""
"Rod Bell","rbell1906@gmail.com","","","","","","Old Wilmington Riverfest | PO Box 7735","Wilmington","NC","28406","","NC Fairs & Festivals 2025","",""
"Jack Funk","info@denverdays.com","","","","","","","","","","","NC Fairs & Festivals 2025","",""
"Nicholas Hofstetter","shillohhillmusic@gmail.com","","","","","","","","","","","NC Fairs & Festivals 2025","",""
"Christian Legner","clegner@gmail.com","","","","","","","","","","","NC Fairs & Festivals 2025","",""
"Janice Woodie","janice.woodie@townofhudsonnc.com","","","","","","Town of Hudson | PO Box 457","Hudson","NC","28638","","NC Fairs & Festivals 2025","",""
"Angel Lineberry","Aclineberry@lexingtonnc.gov","","","","","","Depot District Music Fest | 28 West Center Street","Lexington","NC","27292","","NC Fairs & Festivals 2025","",""
"Erin Ruyle","eruyle@washingtonnc.gov","","","","","","Washington Tourism Deve Auth | 108 Gladden Street","Washington","NC","27889","","NC Fairs & Festivals 2025","",""
"Director BMSCOC","director@blackmountainchamber.com","Black Mountain Swannanoa Chamber","","","Business: 828-669-2300","https://www.exploreblackmountain.com/sourwood-festival/","Black Mountain Swannanoa Chamber | 201 E. State Street","Black Mountain","NC","28711","Events","NC Fairs & Festivals 2025","Current","1/1/2025"
"Glenda Marrow","glenda@exploreblackmountain.com","Black Mountain Swannanoa Chamber","","","","","Black Mountain Swannanoa Chamber | 201 E. State Street","Black Mountain","NC","28711","Events","NC Fairs & Festivals 2025","Current","1/1/2025"
"Hallie Willis","hwillis@wakeforestnc.gov","Town of Wake Forest - Downtown Development","","","","","Town of Wake Forest | 301 S. Brooks St","Wake Forest","NC","27587","Festival","NC Fairs & Festivals 2025","Current","1/1/2026"
"Dena Sabinske","parkrec@waxhaw.com","","","","","","Town of Waxhaw | PO Box 6","Waxhaw","NC","28173","","NC Fairs & Festivals 2025","",""
"Armando Portillo","info@faydogwoodfestival.com","","","","","","Fayetteville Dogwood Festival | PO Box 1321","Fayetteville","NC","28302","","NC Fairs & Festivals 2025","",""
"Jordan Walker","info@ncfreedomfest.org","NC Freedom Fest, Inc.","","","","","NC Freedom Fest, Inc | 901 E ASH ST","GOLDSBORO","NC","27530","Festival","NC Fairs & Festivals 2025","Current","1/1/2026"
"Doug McGrath","dmcgrath@bekinsms.com","NC Freedom Fest, Inc.","","","","","NC Freedom Fest, Inc. | 901 E Ash Street","Goldsboro","NC","27530","Festival","NC Fairs & Festivals 2025","Current","1/1/2026"
"Jordan Walker","jwalker@goldsboronc.gov","NC Freedom Fest, Inc.","","","","","","","","","Festival","NC Fairs & Festivals 2025","Current","1/1/2026"
"Laura Wolf","lwolf@kannapolisnc.gov","City of Kannapolis","","","","","City of Kannapolis | 401 Laureate Way","Kannapolis","NC","28081","Festival","NC Fairs & Festivals 2025","Current","1/1/2026"
"Natalie Eidson","natalie@exploreelkin.com","Elkin Tourism Dev Auth/Explore Elkin","","","Business: (336)835-3607","http://www.exploreelkin.com","Explore Elkin | PO Box 811","Elkin","NC","28621","Festival","NC Fairs & Festivals 2025","Current","1/1/2026"
"Jeff Eidson","jce@gbenergy.com","Elkin Tourism Dev Auth/Explore Elkin","","","","","Elkin Tourism/Explore Elkin | PO Box 857","Elkin","NC","28621","Festival","NC Fairs & Festivals 2025","Current","1/1/2026"
"Keith King","kingpromo4130@aol.com","King BMX Stunt Shows","","","","","Keith King Bike Stunt Show | PO Box 1642","Lexington","NC","27293","Bicycle Stunt Show","NC Fairs & Festivals 2025","Current","1/1/2025"
"Lorie Clark","lclark@garnernc.gov","","","","","","Town of Garner | 900 7th Avenue","Garner","NC","27529","","NC Fairs & Festivals 2025","",""
"Director Dogwood Festival","director@thedogwoodfestival.com","Fayetteville Dogwood Festival","","","","","Fayetteville Dogwood Festival | PO Box 64043","Fayetteville","NC","28306","Festival","NC Fairs & Festivals 2025","Current","1/1/2026"
"Wiiliam Stafford","bill@getsetus.com","Stafford Entertainment and Talent","","","Cell: 12525606581","http://Staffordentertainmentandtalent.com","","","","","Entertainment","NC Fairs & Festivals 2025","Current","1/1/2026"
"Mike Wolf","mwolf@cornelius.org","","","","Business: (704) 892-6031","http://www.cornelius.org/pr","Cornelius Parks & Recreation Department | 21445 Catawba Avenue | PO Box 399","Cornelius","NC","28031","","NC Fairs & Festivals 2025","",""
"Matthew Jakubowski","mjakubowski@pinevillenc.gov","Pineville Fall Fest","","","","","Pineville Fall Fest | PO Box249","Pineville","NC","28134","Festival","NC Fairs & Festivals 2025","Current","1/1/2025"
"Jonathon Lewis","jonathon@richmondcountychamber.com","","","","","","Richmond County Chamber of COmmerce | PO Box 86","Rockinham","NC","28380","","NC Fairs & Festivals 2025","",""
"Emily Tucker","president@richmondcountychamber.com","","","","","","Richmond County Chamber of Commerce | PO Box 86","Rockingham","NC","28380","","NC Fairs & Festivals 2025","",""
"Edward Wunder","edward@thathypnotist.com","","","","","","That Hypnotist | 4658 Little Farm Drive","Denver","NC","28037","","NC Fairs & Festivals 2025","",""
"Allayna Dail","adail@cityofsouthport.com","City of Southport","","","","","City of Southport | 203 E Bay Street","Southport","NC","28461","Events","NC Fairs & Festivals 2025","Current","1/1/2026"
"Randy Jones","rjones@cityofsouthport.com","City of Southport","","","","","City of Southport | 203 E Bay Street","Southport","NC","28461","Events","NC Fairs & Festivals 2025","Current","1/1/2026"
"Clyde Marsh","clyde.marsh@hotmail.com","John Blue Cotton Festival","","","","","John Blue Festival | PO Box 1294","Laurinburg","NC","28353","Festival","NC Fairs & Festivals 2025","Current","1/1/2026"
"Stephanie K Saintsing Naset","ss@thebarbecuefestival.com","The Barbecue Festival, Inc.","","","","","","","","","Festival","NC Fairs & Festivals 2025","Current","1/1/2025"
"Stephanie H","shs@thebarbecuefestival.com","NC Festivals","","","","","","","","","Events","NC Fairs & Festivals 2025","Current","1/1/2025"
"Mark Anders","theoceanfest@gmail.com","Ocean Fest, Inc.","","","","","Ocean Fest Inc | 2761 NC Hwy 210 E, Suite G #173","Hampstead","NC","28443","Festival","NC Fairs & Festivals 2025","Current","1/1/2025"
"Liz Perez","eperez@kingcanopy.com","","","","Business: 800-800-6296","","King Kanopy | 8009 Purfoy Road","Fuquay Varina","NC","27526","","NC Fairs & Festivals 2025","",""
"Amber Herring","aherring@goldsboronc.gov","","","","Business: 9197347922","http://visitgoldsoronc.com","Visit Goldsboro | P.O. Box 1107","Goldsboro","NC","27533","","NC Fairs & Festivals 2025","",""
"Melissa Price","melissa@dwpworks.com","","","","","","NC Black Bear | P.O. Box 706","Plymouth","NC","27962-1329","","NC Fairs & Festivals 2025","",""
"Joanna Ferrin","jferrin@goldsboronc.gov","","","","","","Visit Goldsboro | PO Box 1107","Goldsboro","NC","27533","","NC Fairs & Festivals 2025","",""
"Gabriel Pettit","gnpfire@earthlink.net","","","","Cell: 9196259864","","Mostley Crue | 5617 Quail Covey Lane","Wendell","NC","27591","","NC Fairs & Festivals 2025","",""
"Mostley  Crue","mostleycrue@earthlink.net","","","","","","Mostley Crue | 5617 Quail Covey Ln","Wendell","NC","27591","","NC Fairs & Festivals 2025","",""
"Brian Crews","bcrews@romeoent.com","Romeo Entertainment Group, Inc","","","Cell: 336-504-4144","http://www.romeoent.com","Romeo Entertainment | 810 Royal Parkway Suite 120","Nashville","TN","37214","Band Booking/Entertainment","NC Fairs & Festivals 2025","Current","1/1/2025"
"Adriana Valadez","avaladez@romeoent.com","","","","","","Romeo Entertainment | 810 Royal Parkway Suite 120","Nashville","TN","37214","","NC Fairs & Festivals 2025","",""
"Lani Simeona","lani.simeona@townofcary.org","","","","","","","","","","","NC Fairs & Festivals 2025","",""
"Cynthia Crane","director@aurorafossilmuseum.org","Aurora Fossil Museum Foundation, Inc.","","","Business: (252) 322-4238","https://aurorafossilmuseum.org/","","","","","Education","NC Fairs & Festivals 2025","Current","1/1/2026"
"Kayla Bender","kbender@garnernc.gov","","","","","","Town of Garner | 900 7th Ave","Garner","NC","27529","","NC Fairs & Festivals 2025","",""
"Rick Hubbard","rick@kazoobie.com","Rick Hubbard Entertainment, Inc.","","","","","Rick Hubbard Entertainment | P.O. Box 5250","Hilton Head Island","SC","29938","Entertainment","NC Fairs & Festivals 2025","Current","1/1/2026"
"Jennifer Bryant","jbryant@troy.nc.us","Town of Troy","","","","","","","","","Festival","NC Fairs & Festivals 2025","Current","1/1/2026"
"Neal Duncan","nduncan@troy.nc.us","Town of Troy","","","","","","","","","Festival","NC Fairs & Festivals 2025","Current","1/1/2026"
"Nealy Andrews","nealy@toeriverarts.org","Mount Mitchell Crafts Fair","","","","","Yancey-Burnsville Chamber | 106 W Main Street","Burnsville","NC","28714","Festival","NC Fairs & Festivals 2025","Current","1/1/2025"
"Beverly Everhart","bdeverhart@lexingtonnc.gov","Multicultural Festival/Lexington","","","","","","","","","Festival","NC Fairs & Festivals 2025","Current","1/1/2026"
"Andrew Lance","aglance@lexingtonnc.gov","Multicultural Festival/Lexington","","","","","","","","","Festival","NC Fairs & Festivals 2025","Current","1/1/2026"
"Robert Sellers","danny.sellers@managealcohol.com","Alcohol Management LLC","","","","","Alcohol Management LLC | 6420 Rea Road A1-341","Charlotte","NC","28277","Education","NC Fairs & Festivals 2025","Current","1/1/2026"
"Dewey Skidmore","Blueribbonsbest@yahoo.com","","","","","","Blue Ribbon Best Concessions | PO Box 1806","Forest City","NC","28043","","NC Fairs & Festivals 2025","",""
"Nick Scheuer","bproctor@cantonnc.com","","","","","","","","","","","NC Fairs & Festivals 2025","",""
"Cindy Boring","cb2136@yahoo.com","NC Whirligig Festival","","","","","","","","","Festival","NC Fairs & Festivals 2025","Current","1/1/2026"
"Jolyn Sloan","Keydesigns@mindspring.com","","","","","","","","","","","NC Fairs & Festivals 2025","",""
"Samantha Payne","samantha.payne@currituckcountync.gov","Currituck Co Dept of Travel & Tour","","","","","Currituck Co Travel & Tourism | 106 Caratoke Hwy","Moyock","NC","27958","Festival","NC Fairs & Festivals 2025","Current","1/1/2026"
"Tameron Kugler","tameron.kugler@currituckcountync.gov","Currituck Co Dept of Travel & Tour","","","","","","","","","Festival","NC Fairs & Festivals 2025","Current","1/1/2026"
"Stephanie Hendrix","ncfallfestivalraeford@gmail.com","North Carolina Fall Festival","","","Business: 9109042424|Fax: 9108751010","","NC Fall Festival | 101 N. Main Street","Raeford","NC","28376","Festival","NC Fairs & Festivals 2025","Current","1/1/2025"
"Dee Inman","dee@flooring-nc.com","North Carolina Fall Festival","","","","","","","","","Festival","NC Fairs & Festivals 2025","Current","1/1/2025"
"Andrea Nixon","anixon@bessemercity.com","","","","","","","","","","","NC Fairs & Festivals 2025","",""
"Isabella  Effon","isabella@cultureandheritagealliance.org","","","","","","","","","","","NC Fairs & Festivals 2025","",""
"Kristi King","kristi@richmondcountychamber.com","","","","","","","","","","","NC Fairs & Festivals 2025","",""
"Bryon Scott","Bryon@SoundIntegrityInc.com","Sound Integrity, Inc.","","","","","Sound Integrity, Inc. | 332 Wilcrest Drive","Matthews","NC","28105","Sound, Lighting, Special Effects","NC Fairs & Festivals 2025","Current","1/1/2025"
"Ghanshyam Patel","lakepinebrusters@gmail.com","","","","","","Bruster's Real Ice Cream | 952 US Hwy 64 W","Apex","NC","27523","","NC Fairs & Festivals 2025","",""
"Amanda Pope","amanda.pope@duplincountync.com","Duplin County Events Center","","","","","","","","","Festival","NC Fairs & Festivals 2025","Current","1/1/2025"
"Rebecca Bentley","rbentleytoh@gmail.com","NC Butterfly Festival","","","","","NC Butterfly Festival | PO Box 457","Hudson","NC","28638","Festival","NC Fairs & Festivals 2025","Current","1/1/2025"
"Cynthia Nelson","ncyamfest@gmail.com","North Carolina Yam Festival","","","","","","","","","Festival","NC Fairs & Festivals 2025","Current","1/1/2025"
"Chris Comer","chriscomer@kernersvillenc.org","","","","","","","","","","","NC Fairs & Festivals 2025","",""
"Adolph Thomas","athom920@gmail.com","Throwback Collaboration Band (TCB)","","","Business: 9103648515|Cell: 9103648515","https://www.facebook.com/TKELLC/","","","","","Band","NC Fairs & Festivals 2025","Current","1/1/2025"
"Throwback Collaboration Band","throwbackcollaborationband@gmail.com","Throwback Collaboration Band (TCB)","","","","","","","","","Band","NC Fairs & Festivals 2025","Current","1/1/2025"
"Ann Byrd","annmariebyrd1@yahoo.com","","","","","","","","","","","NC Fairs & Festivals 2025","",""
"Genesis Wallace","gwallace@cityofcreedmoor.org","","","","","","","","","","","NC Fairs & Festivals 2025","",""
"Janna Sullivan","jsullivan@lazparking.com","","","","","","LAZ Parking | 201 North Tryon St Suite 1430","Charlotte","NC","28202","","NC Fairs & Festivals 2025","",""
"Amy Smith","asmith@lazparking.com","","","","","","LAZ Parking | 201 North Tryon St Suite 1430","Charlotte","NC","28202","","NC Fairs & Festivals 2025","",""
"Megan Young","myoung@garnernc.gov","","","","","","Town of Garner/Garner Arts | 900 7th Avenue","Garner","NC","27529","","NC Fairs & Festivals 2025","",""
"Shawnelle Jones","shawnellehjones@gmail.com","","","","","","","","","","","NC Fairs & Festivals 2025","",""
"Angie Perry","events@cityofcreedmoor.org","Creedmoor Music Festival","","","Business: 919-764-1013","https://www.cityofcreedmoor.org/departments/recreation/events/creedmoor-music-festival/about-the-festival","","","","","Festival","NC Fairs & Festivals 2025","Current","1/1/2025"
"Courtney Gibson","court.m.gibson@gmail.com","","","","","","NC Seafood Festival | PO Box 1812","Morehead City","NC","28557","","NC Fairs & Festivals 2025","",""
"Caitlin Brown","cbrown@burlingtonnc.gov","Burlington Recreation & Parks","","","","","Burlington Rec & Parks | 1333 Overbrook Road","Burlington","NC","27215","Festival","NC Fairs & Festivals 2025","Current","1/1/2026"
"Sean Echeverria","secheverria@burlingtonnc.gov","Burlington Recreation & Parks","","","","","Burlington Rec & Parks | 1333 Overbrook Road","Burlington","NC","27215","Festival","NC Fairs & Festivals 2025","Current","1/1/2026"
"John Norris","Johnnorrismusic@gmail.com","","","","","","John Norris Music LLC | 1123 Sheriff Watson Rd","Sanford","NC","27332","","NC Fairs & Festivals 2025","",""
"Bridget B Sullivan","charlottechalkartfestival@gmail.com","","","","","","","","","","","NC Fairs & Festivals 2025","",""
"Adam Herget","herget.adam@gmail.com","","","","","","","","","","","NC Fairs & Festivals 2025","",""
"Cierra Dunham","pinkhillfestival@gmail.com","Pink Hill Festival Committee","","","","","Pink Hill Festival | 270 Parker Heath Road","Pink Hill","NC","28572","Festival","NC Fairs & Festivals 2025","Current","1/1/2026"
"Rhiley Marshburn","rhileykennedy@gmail.com","","","","","","","","","","","NC Fairs & Festivals 2025","",""
"Robert Fogle","rober.fogle@ncagr.gov","Got to Be NC Festival","","","","","Got to Be NC Festival | 1010 Mail Service Center","Raleigh","NC","27699","Festival","NC Fairs & Festivals 2025","Current","1/1/2026"
"Robin Yount","ryount@reidsvillenc.gov","City of Reidsville","","","","","City of Reidsville | 230 W. Morehead Street","Reidsville","NC","27320","Festival","NC Fairs & Festivals 2025","Current","1/1/2025"
"Judy Yarbrough","jyarbrough@reidsvillenc.gov","City of Reidsville","","","","","","","","","Festival","NC Fairs & Festivals 2025","Current","1/1/2025"
"Dana East","deast@visithighpoint.com","","","","","","","","","","","NC Fairs & Festivals 2025","",""
"Angela Kraker","akraker@onslowco.org","","","","Business: 9104555733","http://www.onslowco.org","Onslow Oktoberfest | 1210 Hargett Street","Jacksonville","NC","28540","","NC Fairs & Festivals 2025","",""
"Tony howell","tony@rivistas.com","","","","","","The South Tones | 2824 Columbia Ave","Wilmington","NC","28403","","NC Fairs & Festivals 2025","",""
"Rachel Craddock","jamesville@embarqmail.com","North Carolina Herring Festival/Jamesville","","","Business: 2527925006","http://www.townofjamesvillenc.com","NC Herring Festival | PO Box 215","Jamesville","NC","27846","Festival","NC Fairs & Festivals 2025","Current","1/1/2025"
"Lisa Jay","creative@magictablemedia.com","","","","Cell: 704-609-2014","","Magic Table Media Group | 369 Dovefield Drive","Summerfield","NC","27358","","NC Fairs & Festivals 2025","",""
"Lisa Jay","lisa@magictablemedia.com","","","","","","Magic Table Media Group | 369 Dovefield Drive","Summerfield","NC","27358","","NC Fairs & Festivals 2025","",""
"Shaunetta  Burk","Magnificentconcessions@gmail.com","","","","Business: 919-219-6223","http://www.magnificentconcessions.com","Magnificent Concessions LLC | P.O. Box 1433","Wendell","NC","27591","","NC Fairs & Festivals 2025","",""
"Scott Ludwick","scott.ludwick@rowancountync.gov","Autumn Jubilee/Rowan Co.","","","","","Rowan Co. Parks & Recreation | 6800 Bringle Ferry Road","Salisbury","NC","28146","Festival","NC Fairs & Festivals 2025","Current","1/1/2026"
"Doyle       Wood","autumntyde@gmail.com","Autumn Tyde Band/Daxwood Records","","","Business: 9103232550","http://autumntyde.com","Autumn Tyde Band | 4048 Owen Road","Fayetteville","NC","28306","Band","NC Fairs & Festivals 2025","Current","1/1/2025"
"Tamesha Lynch","thequeenofcandi@gmail.com","","","","Business: 919-514-8157","http://thecandiqueen.com","The Candi Queen | 309 Todd Hill Drive","Wendell","NC","27591","","NC Fairs & Festivals 2025","",""
"Andre Lynch","alynch317@gmail.com","","","","","","","","","","","NC Fairs & Festivals 2025","",""
"Wendy Butner","cameronnc@townofcameron.com","Town of Cameron","","","Business: 910-245-3212","http://www.townofcameron.com","Town of Cameron | PO Box 248","Cameron","NC","28326","Festival","NC Fairs & Festivals 2025","Current","1/1/2026"
"Shelley Kelly","shelley@engageyourstage.com","","","","","","Riggsbee Road | 1605 Fairview Road","Raleigh","NC","27608","","NC Fairs & Festivals 2025","",""
"Tespha  Campbell","Doitright11550@yahoo.com","","","","","","Mobile Merchant Online | 6921 Goldenwillow Drive","Charlotte","NC","28215","","NC Fairs & Festivals 2025","",""
"Rosario Camuglia","rosstheballoonguy@gmail.com","Ross the Balloon Guy","","","","","Ross the Balloon Guy | 3300 Westerwood Drive","Charlotte","NC","28214","Balloons","NC Fairs & Festivals 2025","Current","1/1/2025"
"Sarah Johann","sarahmjohann@gmail.com","Chain Reaction Action Sports","","","","","Chain Reaction Action Sports | 213 Hadnot Drive","Swansboro","NC","28584","Bicycle Stunt Show","NC Fairs & Festivals 2025","Current","1/1/2026"
"Margot Clark","mclark@greenvillenc.gov","City of Greenville/PirateFest","","","","","City of Greenville, NC | 200 W. 5th Street","Greenville","NC","27858","Festival","NC Fairs & Festivals 2025","Current","1/1/2026"
"Randi Kelly","girlkellogg@gmail.com","","","","","","Town of Roseboro | PO Box 848","Roseboro","NC","28382","","NC Fairs & Festivals 2025","",""
"JoAnn Stevens","jartisstevens@yahoo.com","Rosenwald Center/Juneteenth","","","Cell: 2529339490","http://www.rosenwaldcenter.org","Rosenwald Center/Juneteenth | 712 West Harper Street","Snow Hill","NC","28580","Festival","NC Fairs & Festivals 2025","Current","1/1/2026"
"Robert Fogle","robert.fogle@ncagr.gov","Got to Be NC Festival","","","","","","","","","Festival","NC Fairs & Festivals 2025","Current","1/1/2026"
"Stephanie McIntyre","stephanie@staircasemanagement.com","Staircase Event & Sponsorship Management","","","Business: 2527232603|Cell: 2527232603","https://www.staircasemanagement.com","Staircase Event & Sponsorship Mgmt | 3311 B White Drive","Morehead City","NC","28557","Event Management","NC Fairs & Festivals 2025","Current","1/1/2026"
"Aaron Rovner","fun@bouncehousewilmington.com","Bounce House Wilmington","","","Business: 910-500-5867","http://WWW.BounceHouseWilmington.com","Bounce House Wilmington | 2936 Orville Wright Way Unit 1","Wilmington","NC","28411","Bounce House, Obstacle Course, Slides","NC Fairs & Festivals 2025","Current","1/1/2025"
"Harrison Santangelo","harrison@littleriverchamber.org","Little River Chamber of Commerce","","","","","Little River Chamber | 440 90 E Suite 1","Little River","SC","29566","Festival","NC Fairs & Festivals 2025","Current","1/1/2026"
"Al-Samad Bilal","","","","","","http://www.mamanems.com","Mama Nem's Dining & Catering | 2612 Shepherd Valley St","Raleigh","NC","27610","","NC Fairs & Festivals 2025","",""
"Amanda Ruark","amandaruark@kernersvillenc.com","Kernersville Spring Folly","","","","","","","","","Festival","NC Fairs & Festivals 2025","Current","1/1/2026"
"Amanda Justice","ajustice@goldsboronc.gov","Visit Goldsboro","","","","","Visit Goldsboro | PO Box 1107","Goldsboro","NC","27533","Festival","NC Fairs & Festivals 2025","Current","1/1/2026"
"Leslie Schlender","lschlender@elkinnc.org","Elkin Tourism Dev Auth/Explore Elkin","","","","","","","","","Festival","NC Fairs & Festivals 2025","Current","1/1/2026"
"Morgan Brinkle","mbrinkle@visitlexingtonnc.com","Lexington Tourism Authority","","","","","","","","","Events","NC Fairs & Festivals 2025","Current","1/1/2026"
"Diandra Hussey","diandra.hussey@pulte.com","NC Freedom Fest, Inc.","","","","","","","","","Festival","NC Fairs & Festivals 2025","Current","1/1/2026"
"Shelly Hinson","Hinsons@uncw.edu","","","","","","UNC Wilmington | 415 Newcastleton Drive","Wilmington","NC","28512","","NC Fairs & Festivals 2025","",""
"Abigail Miller","abigail.miller@mtholly.us","","","","","","City of Mount Holly | PO Box 406","Mount Holly","NC","28120","","NC Fairs & Festivals 2025","",""
"Kay Nickens","knickens@townofduck.com","Town of Duck Jazz Festival","","","","","Duck Jazz Festival | PO Box 8369","Duck","NC","27949","Festival","NC Fairs & Festivals 2025","Current","1/1/2026"
"Cristy Bullock","cristy@dunntourism.org","NC Cotton Festival","","","","","NC Cotton Festival | PO Box 310","Dunn","NC","28335","Festival","NC Fairs & Festivals 2025","Current","1/1/2026"
"Jojo Cariaso","acariaso@jacksonvillenc.gov","Jacksonville Recreation & Parks","","","","","Jacksonville Rec & Parks Dept | 100 Recreation Lane","Jacksonville","NC","28546","Festival","NC Fairs & Festivals 2025","Current","1/1/2026"
"Jordon Edwards","jordon@mtairyncchamber.org","","","","","","Mt Airy Chamber/Autumn Leaves | PO Box 913","Mt Airy","NC","27030","","NC Fairs & Festivals 2025","",""
"Maria Cepeda","mcepeda@huntersville.org","Town of Huntersville","","","","","Town of Huntersville | PO Box 2879","Huntersville","NC","28070","Events","NC Fairs & Festivals 2025","Current","1/1/2026"
"Craig Lloyd","craig@craiglloyd.com","Hillsborough Hog Day","","","","","Tarheel Antiques/Hillsborough Hog Day | 3103 US Hwy 70 West","Efland","NC","27243","Events","NC Fairs & Festivals 2025","Current","1/1/2025"
"Angela Lloyd","lloydsdairy@gmail.com","Hillsborough Hog Day","","","","","Tarheel Antiques/Hillsborough Hog Day | 3103 US Hwy 70 West","Efland","NC","27243","Events","NC Fairs & Festivals 2025","Current","1/1/2025"
"Travis Frye","travis.frye@dobson-nc.com","Dobson TDA/NC Ground Steak Festival","","","","","Dobson TDA/NC Ground Steak Festival | 307 N. Main Street","Dobson","NC","27017","Festival","NC Fairs & Festivals 2025","Current","1/1/2026"
"William Lewis","william.lewis@carync.gov","Town of Cary/Spring & Lazy Daze","","","Business: 919-462-3861","http://www.townofcary.org","Town of Cary | PO Box 8005","Cary","NC","27512","Festival","NC Fairs & Festivals 2025","Current","1/1/2026"
"Amy Cox","amy@deepsouthentertainment.com","Deep South Entertainment/DSE Music Group","","","","","Deep South Entertainment | PO Box 17737","Raleigh","NC","27619","Talent Buying, Production, Event Coordinator, Event Producer","NC Fairs & Festivals 2025","Current","1/1/2025"
"Lake  Wood","lake@lwoodsolutionsnc.com","","","","","","Little River Day/Fayetteville Business Conference | 2000 Fort Bragg Rd, Suite 5","Fayetteville","NC","28303","","NC Fairs & Festivals 2025","",""
"Michelle Romeo","mromeo@romeoent.com","Romeo Entertainment Group, Inc","","","","","Romeo Entertainment | 5247 North 129th St","Omaha","NE","68164","Band Booking/Entertainment","NC Fairs & Festivals 2025","Current","1/1/2025"
"Scott Thomas","sthomas@romeoent.com","Romeo Entertainment Group, Inc","","","","","Romeo Entertainment | 5247 North 129th Street","Omaha","NE","68164","Band Booking/Entertainment","NC Fairs & Festivals 2025","Current","1/1/2025"
"Arianna Edwards","ariannaedwards@townofforestcity.com","Town of Forest City","","","","","Town of Forest City | PO Box 728","Forest City","NC","28043","Festival","NC Fairs & Festivals 2025","Current","1/1/2026"
"Trey Baggett","tbaggett@fuquay-varina.org","Town of Fuquay-Varina","","","","","","","","","Festival","NC Fairs & Festivals 2025","Current","1/1/2026"
"Susan Weis","sweis@fuquay-varina.org","Town of Fuquay-Varina","","","","","Town of Fuquay-Varina | 134 N. Main Street","Fuquay-Varina","NC","27526","Festival","NC Fairs & Festivals 2025","Current","1/1/2026"
"Joe Zalescik","zales60@yahoo.com","","","","","","Autumn Leaves Festival | PO Box 913","Mt Airy","NC","27030","","NC Fairs & Festivals 2025","",""
"Kari Warren","warrenk@newbernnc.gov","New Bern Parks & Recreation","","","","","New Bern Parks & Rec | PO Box 1129","New Bern","NC","28563","Festival","NC Fairs & Festivals 2025","Current","1/1/2025"
"GInger Sims","sims.ginger@newbernnc.gov","New Bern Parks & Recreation","","","","","New Bern Parks & Rec | PO Box 1129","New Bern","NC","28563","Festival","NC Fairs & Festivals 2025","Current","1/1/2025"
"Tara Lockin","thepyrolady@gmail.com","","","","","","Hale Artificier Fireworks | PO Box 478","Lexington","NC","27293","","NC Fairs & Festivals 2025","",""
"Colin Mcquire","czmcquire@gmail.com","","","","","","Hale Artificier Fireworks | PO Box 478","Lexington","NC","27293","","NC Fairs & Festivals 2025","",""
"Lisa Roddey","lroddey@lancastercitysc.com","City of Lancaster/Red Rose","","","","","City of Lancaster/Red Rose Festival | 201 W. Gay Street","Lancaster","SC","29720","Festival","NC Fairs & Festivals 2025","Current","1/1/2025"
"Joan McPherson","joanmcpherson3@aol.com","NC Pecan Music Festival","","","","","NC Pecan Harvest Festival | PO Box 1321","Whiteville","NC","28472","Festival","NC Fairs & Festivals 2025","Current","1/1/2026"
"Steven Bryan","contact@NCPecanFestival.com","NC Pecan Music Festival","","","","","","","","","Festival","NC Fairs & Festivals 2025","Current","1/1/2026"
"Andrew Prosser","aprosser@bookece.com","","","","","","","","","","","NC Fairs & Festivals 2025","",""
"Freddie Killough","freddiek@marionbiz.org","Mountain Glory Festival","","","","http://discovermarionnc.com","Marion Business Association | PO Drawer 700","Marion","NC","28752","Festival","NC Fairs & Festivals 2025","Current","1/1/2025"
"Natalie Bell","nataliebell@marionbiz.org","Mountain Glory Festival","","","","","","","","","Festival","NC Fairs & Festivals 2025","Current","1/1/2025"
"Stephanie McIntyre","director@ncbearfest.com","National Black Bear Festival","","","","","","","","","Festival","NC Fairs & Festivals 2025","Current","1/1/2026"
"Joe Brown","joebrownband@gmail.com","Joe Brown & The Band","","","Business: 9802341721","","Joe Brown & The Band | PO BOx 13481","New Bern","NC","28561","Entertainment","NC Fairs & Festivals 2025","Current","1/1/2025"
"Carla Torrey","info@oceancityjazzfest.com","Ocean City Jazz Festival","","","","https://oceancityjazzfest.com/","Ocean City Jazz | PO Box 127","Sneads Ferry","NC","28460","Festival","NC Fairs & Festivals 2025","Current","1/1/2026"
"Carla Torrey","info@oceancityjazzfest.com","Ocean City Jazz Festival","","","","","Ocean City Jazz | PO Box 1207","Sneads Ferry","NC","28460","Festival","NC Fairs & Festivals 2025","Current","1/1/2026"
"Cheryl Pigott","cheryl@bgdigitalgroup.com","Ceemi Agency DBA BG Digital Group","","","","","BG Digital Group | P.O. Box 402","Morehead City","NC","28557","Marketing Agency,Digital/Social Media, Web Design, Video Production, Virtual Events","NC Fairs & Festivals 2025","Current","1/1/2026"
"Caroline Hasty","chasty@tegacaysc.gov","City of Tega Cay, SC","","","Cell: 803.984.9236","http://tegacaysc.org","","","","","Festival","NC Fairs & Festivals 2025","Current","1/1/2026"
"Cody Suggs","csuggs@burgawnc.gov","Burgaw Parks, Recreation & Tourism","","","","","Burgaw Parks, Rec & Tourism | 109 N. Walker Street","Burgaw","NC","28425","Events","NC Fairs & Festivals 2025","Current","1/1/2025"
"Jayna Augst","jaugst@burgawnc.gov","Burgaw Parks, Recreation & Tourism","","","","","","","","","Events","NC Fairs & Festivals 2025","Current","1/1/2025"
"Erienne Mizell","erienne.mizell@chowan.nc.gov","Chowan County TDA","","","","","Chowan County TDA | 101 W Water Street","Edenton","NC","27932","Events","NC Fairs & Festivals 2025","Current","1/1/2025"
"Allison  Cleveland","","","","","","","City of Rock Hill/Christmasville | PO Box 11706","Rock HIll","SC","29732","","NC Fairs & Festivals 2025","",""
"Elssy Carpenter","","ChristmasVille Rock Hill","","","","","","","","","Festival","NC Fairs & Festivals 2025","Current","1/1/2026"
"Christine Patterson","cpatterson@mooresvillenc.gov","Town of Mooresville","","","","","Town of Mooresville | 750 W. Iredell Avenue","Mooresville","NC","28115","Festival","NC Fairs & Festivals 2025","Current","1/1/2026"
"Alyssa Anderson","aanderson@mooresvillenc.gov","Town of Mooresville","","","","","","","","","Festival","NC Fairs & Festivals 2025","Current","1/1/2026"
"Adam Clayton","dcsd667@gmail.com","","","","","","Southern Guns Band | 212 Prides Crossing","Rolesville","NC","27571","","NC Fairs & Festivals 2025","",""
"Travis stewart","travis@uptownlexington.com","Uptown Lexington, Inc.","","","","","Uptown Lexington | 13 E First Ave","Lexington","NC","27292","Festival","NC Fairs & Festivals 2025","Current","1/1/2026"
"Jessica McDaniel","jessica@uptownlexington.com","Uptown Lexington, Inc.","","","","","","","","","Festival","NC Fairs & Festivals 2025","Current","1/1/2026"
"Faith Byrd","faith@dunntourism.org","NC Cotton Festival","","","","","","","","","Festival","NC Fairs & Festivals 2025","Current","1/1/2026"
"Mickey Wall","Runawaytrainlive@gmail.com","Runaway Train","","","","","Runaway Train | 1280 Dobbins Mill Road","Elkin","NC","28621","Variety Band","NC Fairs & Festivals 2025","Current","1/1/2025"
"Cindy Castle","ccastle@leecountync.gov","Lee County Government","","","","","Lee County Government | 2303 Tramway Road","Sanford","NC","27332","Events","NC Fairs & Festivals 2025","Current","1/1/2026"
"Jack Clelland","jclelland@leecountync.gov","Lee County Government","","","","","","","","","Events","NC Fairs & Festivals 2025","Current","1/1/2026"
"Paige  Griffin","paige.griffin@nagsheadnc.gov","Town of Nags Head","","","","https://www.nagsheadnc.gov/","Town of Nags Head | PO Box 99 | 5401 S Croatan Hwy","Nags Head","NC","27959","Events","NC Fairs & Festivals 2025","Current","1/1/2026"
"Kelly Wyatt","kelly.wyatt@nagsheadnc.gov","Town of Nags Head","","","","","","","","","Events","NC Fairs & Festivals 2025","Current","1/1/2026"
"Lynette Fox","lfox@clemmons.org","Village of Clemmons","","","","","Village of Clemmons | 3715 Clemmons Road","Clemmons","NC","27012","Festival","NC Fairs & Festivals 2025","Current","1/1/2026"
"Shannon Ford","sford@clemmons.org","Village of Clemmons","","","","","","","","","Festival","NC Fairs & Festivals 2025","Current","1/1/2026"
"Rukea Womack, MBA, CFEA","rukea.womack@durhamnc.gov","City of Durham","","","Business: 919-560-4355","","City of Durham | 101 City Hall Plaza","Durham","NC","27701","Events","NC Fairs & Festivals 2025","Current","1/1/2025"
"Alison Bender","alison.bender@durhamnc.gov","City of Durham","","","","","","","","","Events","NC Fairs & Festivals 2025","Current","1/1/2025"
"Roseana Matthews","roseana.matthews@durhamnc.gov","City of Durham","","","","","City of Durham | 101 City Hall Plaza","Durham","NC","27701","Events","NC Fairs & Festivals 2025","Current","1/1/2025"
"Kristin Perez","kristin.perez@durhamnc.gov","City of Durham","","","","","","","","","Events","NC Fairs & Festivals 2025","Current","1/1/2025"
"De'Essence Cox","deessence.cox@durhamnc.gov","City of Durham","","","","","","","","","Events","NC Fairs & Festivals 2025","Current","1/1/2025"
"Casha Dees","casha.dees@durhamnc.gov","City of Durham","","","","","","","","","Events","NC Fairs & Festivals 2025","Current","1/1/2025"
"Linda Williams","balloontwister2@gmail.com","Linda's Balloon Twisting & Decor","","","","http://Www.LindasBalloons.com","Linda's Balloon Twisting & Decor | 1910 Willie Worrell Drive","Charlotte","NC","28215","Balloons","NC Fairs & Festivals 2025","Current","1/1/2025"
"Tori Dellinger","tdellinger@lowellnc.com","City of Lowell","","","","","","","","","Festival","NC Fairs & Festivals 2025","Current","1/1/2025"
"Jenae Polk","Jenae.polk@unitedsiteservices.com","","","","Business: 704-476-5781","","United Site Services | 212 Bulb Avenue","Gastonia","NC","28052","","NC Fairs & Festivals 2025","",""
"Richard Purim","richard.purim@unitedsiteservices.com","United Site Services, Inc.","","","","","","","","","Portable Restrooms","NC Fairs & Festivals 2025","Current","1/1/2025"
"Paige Zuidema","pzuidema@romeoent.com","Romeo Entertainment Group, Inc","","","","","","","","","Band Booking/Entertainment","NC Fairs & Festivals 2025","Current","1/1/2025"
"Lisa Griffin","lgriffin@townofwingatenc.gov","Town of Wingate Summer Fun Festival","","","","","","","","","Festival","NC Fairs & Festivals 2025","Current","1/1/2026"
"Bennett Ragland","Bennett@raglandproductions.com","Ragland Productions","","","","","Ragland Productions | 250 W Main Street","Clayton","NC","27520","Rides, Games & Amusements","NC Fairs & Festivals 2025","Current","1/1/2026"
"Russell Ragland","russell@raglandproductions.com","Ragland Productions","","","","","","","","","Rides, Games & Amusements","NC Fairs & Festivals 2025","Current","1/1/2026"
"Charles Morris","palatial.cm@gmail.com","Palatial Potties, LLC","","","Cell: 7047467324","http://www.palatialpotties.com","Palatial Potties LLC | 407 Ludwig Avenue","Concord","NC","28027","Portable Restrooms","NC Fairs & Festivals 2025","Current","1/1/2025"
"Mark Madden","Mmadden0021@aol.com","Madden Ranch","","","","","Madden Ranch | 1140 Stone Creek Drive","Greenville","NC","27858","Antique Stagecoach/Cowboy Rope Tricks","NC Fairs & Festivals 2025","Current","1/1/2025"
"Jessica Mignola","jmignola@surfcitync.gov","Town of Surf City Parks, Rec & Tourism","","","","","","","","","Festival","NC Fairs & Festivals 2025","Current","1/1/2025"
"Amanda Heskin","aheskin@surfcitync.gov","Town of Surf City Parks, Rec & Tourism","","","","","Town of Surf City | PO Box 2475","Surf City","NC","28443","Festival","NC Fairs & Festivals 2025","Current","1/1/2025"
"Cameron Thorpe","cthorpe@cityofcreedmoor.org","Creedmoor Music Festival","","","","","","","","","Festival","NC Fairs & Festivals 2025","Current","1/1/2025"
"Steven Jones","sjonesjps@gmail.com","Jones Pro Sound","","","Business: 9104896094","http://www.jonesprosound.com","Jones Pro Sound | 14199 NC Hwy 210 South","Spring Lake","NC","28390","Sound,Lighting Production, DJ & Karaoke Services","NC Fairs & Festivals 2025","Current","1/1/2026"
"Barry Lawrence","BGL5@aol.com","Carolina Rhythm Machine","","","","","Carolina Rhythm Machine | PO Box 1665","Thomasville","NC","27361","Band","NC Fairs & Festivals 2025","Current","1/1/2026"
"Chloe Clary","chloe.clary@mtholly.us","City of Mount Holly","","","","","","","","","Festival","NC Fairs & Festivals 2025","Current","1/1/2026"
"Wes Whitson","wdwhitson430@wilkescc.edu","MerleFest","","","","","","","","","Festival","NC Fairs & Festivals 2025","Current","1/1/2026"
"Jarrett Barker","wjbarker789@wilkescc.edu","MerleFest","","","","","","","","","Festival","NC Fairs & Festivals 2025","Current","1/1/2026"
"Priscilla  Pittman","Fmcnair87@gmail.com","Fancy Fayes","","","","","Fancy Fayes Food Truck | 12593 Talon Drive","Zebulon","NC","27597","Food Concessions","NC Fairs & Festivals 2025","Current","1/1/2025"
"Malinda marsh","melmars7309@gmail.com","Chatham County Fair","","","","","Chatham County Fair | P.O. Box 1202","Pittsboro","NC","27312","Fair","NC Fairs & Festivals 2025","Current","1/1/2025"
"George Knight","michaelknight920@gmail.com","Chatham County Fair","","","","","","","","","Fair","NC Fairs & Festivals 2025","Current","1/1/2025"
"Tyler Wise","tylerwise.tor@gmail.com","Sampson Co Convention & Visitor's","","","","","","","","","Festival","NC Fairs & Festivals 2025","Current","1/1/2026"
"Susan Mosk","susan.mosk@cityofkm.com","City of Kings Mountain","","","","","","","","","Festival","NC Fairs & Festivals 2025","Current","1/1/2026"
"Dalton Davis","daltondavismusic00@gmail.com","Dalton Davis Music","","","","","Dalton Davis Music | P.O. Box 561","Mamers","NC","27552","Band","NC Fairs & Festivals 2025","Current","1/1/2025"
"Darrell Kanipe","darrellkanipe@msn.com","EverWondr Network/Wonder Guides","","","","","EverWondr Network/Wonder Guides | 305 Oberlin Road, Unit 361","Raleigh","NC","27605","Marketing & Software Development","NC Fairs & Festivals 2025","Current","1/1/2025"
"Grace VandeVisser","grace@visitalamance.com","Alamance County Visitors Bureau","","","Business: 3365701444","https://www.visitalamance.com/","Alamance Co Visitors Bureau | 200 South Main Street","Burlington","NC","27215","Festival","NC Fairs & Festivals 2025","Current","1/1/2025"
"Jasmine Bowen","eventscoordinator@pleasantgarden.net","Town of Pleasant Garden","","","Business: 3366743002","http://www.pleasantgarden.net","Town of Pleasant Garden | P.O. Box 307 | 4920 Alliance Church Rd","Pleasant Garden","NC","27313","Events","NC Fairs & Festivals 2025","Current","1/1/2025"
"Bobbie Hatley Culberson","townclerk@pleasantgarden.net","Town of Pleasant Garden","","","","","","","","","Events","NC Fairs & Festivals 2025","Current","1/1/2025"
"Ashley Baker","abaker@homeofgolf.com","Pinehurst, Southern Pines Aberdeen Area CVB","","","","","Pinehurst, Souther Pines | 155 W. New York Ave, Suite 300","Southern Pines","NC","28387","Events","NC Fairs & Festivals 2025","Current","1/1/2026"
"Lisa Long","llong@homeofgolf.com","Pinehurst, Southern Pines Aberdeen Area CVB","","","","","","","","","Events","NC Fairs & Festivals 2025","Current","1/1/2026"
"Kris Kloepping","kkloepping@cityofmebane.com","","","","","","","","","","","NC Fairs & Festivals 2025","",""
"KURT ZANDER","Lou@LankyLou.com","Lanky Lou Entertainers","","","","http://lankylou.com","Lanky Lou Entertainers | 5214 Cotton Mill Lane","Jamestown","NC","27282","Roaming Talent, Stage Shows, Stilt, Bubbles, Balloons,Clown, Magic, Fire, Emcee","NC Fairs & Festivals 2025","Current","1/1/2025"
"Jason DeWitt","askcounty@gmail.com","Newland Christmas Tree Festival","","","","","Newland Christmas Tree Festival | 330 Cranberry Street","Newland","NC","28657","Festival","NC Fairs & Festivals 2025","Current","1/1/2025"
"Nathan Gittner","ngittner@theinnatshadylawn.com","Newland Christmas Tree Festival","","","","","","","","","Festival","NC Fairs & Festivals 2025","Current","1/1/2025"
"Jessica Burris","jburris@troy.nc.us","Town of Troy","","","","","","","","","Festival","NC Fairs & Festivals 2025","Current","1/1/2026"
"Tori Crowe","tcrowe@stallingsnc.org","Town of Stallings Parks & Rec.","","","","","Town of Stallings Park & Recreation | 321 Stallings Road","Stallings","NC","28104","Events","NC Fairs & Festivals 2025","Current","1/1/2025"
"Eunice Donnelly","edonnelly@stallingsnc.org","Town of Stallings Parks & Rec.","","","","","","","","","Events","NC Fairs & Festivals 2025","Current","1/1/2025"
"Jenny Smith","Jsmith@visitmayberry.com","Mount Airy Downtown Business Association","","","","","Mount Airy Downtown | 200 N. Main Street","Mount Airy","NC","27030","Events","NC Fairs & Festivals 2025","Current","1/1/2026"
"Phil Marsh","peggyhausermarsh@yahoo.com","Mount Airy Downtown Business Association","","","","","","","","","Events","NC Fairs & Festivals 2025","Current","1/1/2026"
"Allyson Leggett","leggetta@newbernnc.gov","New Bern Parks & Recreation","","","","","City of New Bern | PO Box 1129","New Bern","NC","28563","Festival","NC Fairs & Festivals 2025","Current","1/1/2025"
"Pat Stasiak","pat@precisionrace.com","Rise n' Shine Running Festival","","","","","","","","","Events","NC Fairs & Festivals 2025","Current","1/1/2025"
"Bruce Bokish","bruce@precisionrace.com","Rise n' Shine Running Festival","","","","","Rise n Shine Running Festival | PO Box 30414","Raleigh","NC","27622","Events","NC Fairs & Festivals 2025","Current","1/1/2025"
"Jo Anne  Cooper","nashvillencchamber@gmail.com","Nashville Blooming Festival","","","","","","","","","Festival","NC Fairs & Festivals 2025","Current","1/1/2026"
"Susan Freeman","sfreeman@brunswickcountychamber.org","North Carolina Oyster Festival","","","","","","","","","Festival","NC Fairs & Festivals 2025","Current","1/1/2025"
"Mary Wallace","mwallace@waxhaw.com","","","","","","Town of Waxhaw | P.O. Box 6","Waxhaw","NC","28173","","NC Fairs & Festivals 2025","",""
"Tyra Sparrow","griftonshadfest@gmail.com","Grifton Shad Festival","","","","","","","","","Festival","NC Fairs & Festivals 2025","Current","1/1/2026"
"Heather Jackson","watermelonfestivalnc@gmail.com","Winterville Watermelon Festival","","","","http://www.watermelonfest.com","","","","","Festival","NC Fairs & Festivals 2025","Current","1/1/2026"
"Rebecca Caveness","director@wintervillechamber.com","Winterville Watermelon Festival","","","","","","","","","Festival","NC Fairs & Festivals 2025","Current","1/1/2026"
"John Pynakker","john@mtairyncchamber.org","","","","","http://www.autumnleavesfestival.com","","","","","","NC Fairs & Festivals 2025","",""
"Easton Bush","ebush.cchfh@gmail.com","Crystal Coast Habitat for Humanity","","","","","Crystal Coast Habitat | PO Box 789","Newport","NC","28570","Events","NC Fairs & Festivals 2025","Current","1/1/2026"
"Easton Bush","hfhcc026@gmail.com","Crystal Coast Habitat for Humanity","","","Business: 252-223-2111|Fax: 252-223-6111","http://www.habitatcrystalcoast.org","","","","","Events","NC Fairs & Festivals 2025","Current","1/1/2026"
"Lesilie Haney","lhaney@morrisvillenc.gov","Town of Morrisville/Spring Fest","","","","","","","","","Festival","NC Fairs & Festivals 2025","Current","1/1/2025"
"Adrian  Hamrick","adrian@alws.us","American Legion World Series Festival","","","","","","","","","Festival","NC Fairs & Festivals 2025","Current","1/1/2025"
"Clarence Harding","Clarence@m4media.net","M4media","","","","","M4media | 8041 Brier Creek Parkway #1112","Raleigh","NC","27617","Mobile Jumbotron, Video Production,LED Walls, Pro Audio","NC Fairs & Festivals 2025","Current","1/1/2026"
"Wendy Clegg","wendy@m4media.net","M4media","","","","","","","","","Mobile Jumbotron, Video Production,LED Walls, Pro Audio","NC Fairs & Festivals 2025","Current","1/1/2026"
"Luke Ziemba","luke@imaginedps.com","Imagine Design & Production Services, Inc.","","","","","Imagine Design & Production Services | 6914 W Market St","Greensboro","NC","27409","Audio & Visual Production","NC Fairs & Festivals 2025","Current","1/1/2026"
"Erin Stevie","erin@imaginedps.com","Imagine Design & Production Services, Inc.","","","","","","","","","Audio & Visual Production","NC Fairs & Festivals 2025","Current","1/1/2026"
"Dale Edwards","Daleedwards@blackwaterband.com","BlackWater Band","","","Business: 910-445-3203","http://Blackwaterband.com","Black Water Band | PO Box 714","Clarkton","NC","28433","Band","NC Fairs & Festivals 2025","Current","1/1/2026"
"Megan Kiefer","","Ayden Collard Festival","","","","","","","","","Festival","NC Fairs & Festivals 2025","Current","1/1/2025"
"Jenna Evans","events@selma-nc.com","Selma Railroad Days","","","","","Selma Railroad Days | 114 N Raiford Street","Selma","NC","27576","Festival","NC Fairs & Festivals 2025","Current","1/1/2026"
"Kim Daugherty","gatorsinparadise@gmail.com","Dazzling Dahlia Festival","","","","","Dazzling Dahlia Festival | P.O. Box 670","Highlands","NC","28741","Festival","NC Fairs & Festivals 2025","Current","1/1/2026"
"Jan Saltmarsh","jancsaltmarsh@gmail.com","Dazzling Dahlia Festival","","","","","","","","","Festival","NC Fairs & Festivals 2025","Current","1/1/2026"
"Brandon Free","bfree@cramerton.org","Cramerton Parks & Recreation","","","","","","","","","Festival","NC Fairs & Festivals 2025","Current","1/1/2026"
"Terrence Wessling","twessling@artstocktour.com","Artstock Studio Tour","","","","","Artstock Studio Tour | 1704 Efland Drive","Greensboro","NC","27408","Events","NC Fairs & Festivals 2025","Current","1/1/2026"
"Mary Wessling","mcwessling@artstocktour.com","Artstock Studio Tour","","","","","Artstock Studio Tour | 1704 Efland Drive","Greensboro","NC","27408","Events","NC Fairs & Festivals 2025","Current","1/1/2026"
"Peter Stillwell","peterstillwell@tarheelcommunications.com","Pinehurst, Southern Pines Aberdeen Area CVB","","","","","","","","","Events","NC Fairs & Festivals 2025","Current","1/1/2026"
"Heidi Gilmond","info@downtownsmithfield.com","Ham & Yam Festival/Smithfield","","","","","","","","","Festival","NC Fairs & Festivals 2025","Current","1/1/2026"
"Glenn Jones","glennjonesacoustic@gmail.com","The Beautiful People Club","","","","","The Beautiful People Club | 157 Burnett Circle Ext","Pittsboro","NC","27312","Band","NC Fairs & Festivals 2025","Current","1/1/2026"
"Melissa Johnson","mjohnson@waxhaw.com","Town of Waxhaw","","","","","Town of Waxhaw | 1150 N Broome Street","Waxhaw","NC","28173","Festival","NC Fairs & Festivals 2025","Current","1/1/2026"
"Amanda Howard","ahoward@waxhaw.com","Town of Waxhaw","","","","","","","","","Festival","NC Fairs & Festivals 2025","Current","1/1/2026"
"Jim Earp","jimearp@earthlink.net","Earp Entertainment Services","","","Business: 919-989-8520|Cell: 919-631-4415","http://www.earpentertainmentservices.com","Earp Entertainment Services | 38 White Oak Drive","Smithfield","NC","27577","Production Services, Sound & Lighting, Staging","NC Fairs & Festivals 2025","Current","1/1/2026"
"Caroline Roberts","caroline@coastal-connections.com","Coastal Connections Marketing","","","","","Coastal Connections Marketing | P.O. Box 70","Atlantic Beach","NC","28512","Branded Promotional Products","NC Fairs & Festivals 2025","Current","1/1/2026"
"Laura Thornbrough","laura@coastal-connections.com","Coastal Connections Marketing","","","","","","","","","Branded Promotional Products","NC Fairs & Festivals 2025","Current","1/1/2026"
"Andrea Nixon","anixon@lowellnc.com","City of Lowell","","","","","","","","","Festival","NC Fairs & Festivals 2025","Current","1/1/2025"
"Ryan Gordon","rgordon@oakislandnc.gov","Oak Island Recreation Department","","","Business: 9102784747","https://www.oakislandnc.gov/government/recreation-department","Oak Island Recreation Dept | 4601 East Oak Island Drive","Oak Island","NC","28465","Events","NC Fairs & Festivals 2025","Current","1/1/2026"
"Heather Obrien","hobrien@oakislandnc.gov","Oak Island Recreation Department","","","","","","","","","Events","NC Fairs & Festivals 2025","Current","1/1/2026"
"Tanner Greene","tgreene@townofsawmillsnc.com","Town of Sawmills","","","","","Town of Sawmills | 4076 US Hwy 321-A","Sawmills","NC","28630","Events","NC Fairs & Festivals 2025","Current","1/1/2026"
"Eileen Coite","eileen_coite@ncsu.edu","NC Cooperative Extension","","","Business: 910-592-7161","https://sampson.ces.ncsu.edu/","NC Cooperative Ext | 55 Agriculture Place","Clinton","NC","28328","Events","NC Fairs & Festivals 2025","Current","1/1/2026"
"April Spencer","aspencer@cityofroxboro.com","City of Roxboro-Uptown Roxboro","","","","http://www.uptownroxboro.com","City of Roxboro | 105 S Lamar Street","Roxboro","NC","27573","Festival","NC Fairs & Festivals 2025","Current","1/1/2026"
"Sarah Smith","sarah@yadkinarts.org","Yadkin Arts Council","","","","","Yadkin Arts Council | 226 E. Main Street","Yadkinville","NC","27055","Events","NC Fairs & Festivals 2025","Current","1/1/2026"
"Savana Lincolmfelt","savana@yadkinarts.org","Yadkin Arts Council","","","","","Yadkin Arts Council | PO Box 667","Yadkinville","NC","27055","Events","NC Fairs & Festivals 2025","Current","1/1/2026"
"J'Nai Kirksey-Roman","jroman@columbusco.org","Hispanic/Puerto Rican Festival","","","","","Hispanic/Puerto Rican Festival | 394 Walter Shaw Road","Evergreen","NC","28438","Festival","NC Fairs & Festivals 2025","Current","1/1/2026"
"Caroline Ratkus","caroline.ratkus@sanfordnc.net","City of Sanford","","","","","City of Sanford | 601 N. 5th Street","Sanford","NC","27330","Festival","NC Fairs & Festivals 2025","Current","1/1/2026"
"Taylor Pless","taylor.pless@currituckcountync.gov","Currituck Co Dept of Travel & Tour","","","","","","","","","Festival","NC Fairs & Festivals 2025","Current","1/1/2026"
"Natasha Evans","nfevans274@wilkescc.edu","MerleFest","","","","","MerleFest | P.O. Box 120","Wilkesboro","NC","28697","Festival","NC Fairs & Festivals 2025","Current","1/1/2026"
"Ashly Lancaster","president@mtairyncchamber.org","Autumn Leaves Festival","","","","http://www.autumnleavesfestival.com","Greater Mount Airy Chamber | 200 North Main Street","Mount Airy","NC","27030","Festival","NC Fairs & Festivals 2025","Current","1/1/2026"
"Chase Conner","tourism@exploremartincounty.com","Martin County Tourism","","","","","Martin County Tourism | 415 East Blvd","Williamston","NC","27892","Events","NC Fairs & Festivals 2025","Current","1/1/2026"
"Maggie Moncus","maggiem@yadtel.net","Yadkin County Chamber of Commerce","","","","","","","","","Events","NC Fairs & Festivals 2025","Current","1/1/2026"
"Bobby Todd","btodd@yadtel.net","Yadkin County Chamber of Commerce","","","","","","","","","Events","NC Fairs & Festivals 2025","Current","1/1/2026"
"Leigh Kessel","marketing@exploremartincounty.com","Martin County Tourism","","","","","","","","","Events","NC Fairs & Festivals 2025","Current","1/1/2026"
"Brad Hardison","brad_hardison@ncsu.edu","NC Cooperative Extension","","","","","","","","","Events","NC Fairs & Festivals 2025","Current","1/1/2026"
"Megan Gilbert","mdgilbert88@gmail.com","City of Roxboro-Uptown Roxboro","","","","","City of Roxboro | 105 S Lamar Street","Roxboro","NC","27573","Festival","NC Fairs & Festivals 2025","Current","1/1/2026"
"Patricia Ferguson","PDFCOASTALNET@GMAIL.COM","Equity Films, Inc.","","","","","","","","","Festival","NC Fairs & Festivals 2025","Current","1/1/2026"
"Hosanna Pennell","carolinavintage@yahoo.com","Caswell Co. Chamber of Commerce","","","","","Caswell Co Chamber of Commerce | P.O. Box 12","Yanceyville","NC","27305","Events","NC Fairs & Festivals 2025","Current","1/1/2026"
"Kelly Davis","info@caswellchamber.org","Caswell Co. Chamber of Commerce","","","","","","","","","Events","NC Fairs & Festivals 2025","Current","1/1/2026"
"Ronald Rascoe","ronald.rascoe@bertie.nc.gov","Blue Jay Recreation Center","","","","","Blue Jay Recreation Center | 1711 Indian Woods","Windsor","NC","27983","Events","NC Fairs & Festivals 2025","Current","1/1/2026"
"Kevin Pugh","loujoy397@yahoo.com","Blue Jay Recreation Center","","","","","","","","","Events","NC Fairs & Festivals 2025","Current","1/1/2026"
"Karen Williamson","caswellarts@gmail.com","Caswell Arts","","","","","Caswell Arts | P.O. Box 689","Yanceyville","NC","27379","Events","NC Fairs & Festivals 2025","Current","1/1/2026"
"Claire Sellers","communications@starworksnc.org","Starworks","","","","","Starworks | 100 Russell Drive","Star","NC","27356","Events","NC Fairs & Festivals 2025","Current","1/1/2026"
"Mary Holmes","contact@starworksnc.org","Starworks","","","","","","","","","Events","NC Fairs & Festivals 2025","Current","1/1/2026"
"Angela Allen","angela.allen@granvillecounty.org","Granville Tourism Dev. Authority","","","","","Granville Tourism | P.O. Box 820","Oxford","NC","27565","Events","NC Fairs & Festivals 2025","Current","1/1/2026"
"Mallory Richard","mrichard@butnernc.org","Granville Tourism Dev. Authority","","","","","","","","","Events","NC Fairs & Festivals 2025","Current","1/1/2026"
"Connor Wilson","connor.wilson@rowancountync.gov","Autumn Jubilee/Rowan Co.","","","","","","","","","Festival","NC Fairs & Festivals 2025","Current","1/1/2026"
"Candice Roberson","candice@scmotorplex.com","South Carolina Motorplex","","","","","South Carolina Motorplex | 194 Drag Strip Road","Neeses","SC","29107","Events","NC Fairs & Festivals 2025","Current","1/1/2026"
"Keith Johnson","keith@proaudioonline.com","Pro Audio & Video, LLC","","","","","Pro Audio & Video LLC | 5103 Unicon Drive","Wake Forest","NC","27587","Audio & Visual Production","NC Fairs & Festivals 2025","Current","1/1/2026"
"Andrew Wagoner","andrew@faithfestnc.com","Faith Fest","","","","","Faith Fest | 1600 Runway Industrial Drive","Wilkesboro","NC","28697","Festival","NC Fairs & Festivals 2025","Current","1/1/2026"
"Ben Baker","ben@brandspeed.us","BrandSpeed","","","","","BrandSpeed | 915 River Highway","Mooresville","NC","28117","Graphic Design, Custom Branded Apparel, Promotional Products, Event Signage","NC Fairs & Festivals 2025","Current","1/1/2026"
"Ally Setzer","ally@brandspeed.us","BrandSpeed","","","","","","","","","Graphic Design, Custom Branded Apparel, Promotional Products, Event Signage","NC Fairs & Festivals 2025","Current","1/1/2026"
"Lindsey Morris","lmorris@cityofmebane.com","Mebane Rec & Parks Dept.","","","","","","","","","Festival","NC Fairs & Festivals 2025","Current","1/1/2026"
"Dakota Fox","booking@dakotafoxentertainment.com","Dakota Fox Entertainment","","","","https://dakotafoxentertainment.com","Dakota Fox Entertainment | 2658 Turner Pines Drive","New Hill","NC","27562","Speciality Event Entertainment-Aerial Acts, Stilt Walking, LED Party Robot","NC Fairs & Festivals 2025","Current","1/1/2026"
"Dave Sharpe","director@tarborochamber.com","Edgecombe County/Discover Edgecombe","","","","","Edgecombe County | 500 N. Main Street","Tarboro","NC","27886","Events","NC Fairs & Festivals 2025","Current","1/1/2026"
"Jason  Elleby","elleby55@gmail.com","Town of Brunswick","","","","","Town of Brunswick | 40 Poplar Street","Brunswick","NC","28424","Events","NC Fairs & Festivals 2025","Current","1/1/2026"
"Rodney  Jackson","rjackson@lumbee.org","Lumbee Regional Development Assoc.","","","","","Lumbee Regional Development Assoc | 636 Prospect St","Pembroke","NC","28372","Events","NC Fairs & Festivals 2025","Current","1/1/2026"
"Ellen Ball","director@caldwellarts.com","Caldwell Arts Council","","","","","Caldwell Arts Council | P.O. Box 1613","Lenior","NC","28645","Events","NC Fairs & Festivals 2025","Current","1/1/2026"
"Katie Lynn","klynn@albemarlenc.gov","City of Albemarle","","","","","City of Albemarle | 144 N. 2nd Street","ALbemarle","NC","28001","Events","NC Fairs & Festivals 2025","Current","1/1/2026"
"kevin melvin","kmelvin@lumbeetribe.com","Lumbee Tribe of North Carolina","","","","","Lumbee Tribe of NC | 6984 NC Hwy 711 West","Pembroke","NC","28372","Events","NC Fairs & Festivals 2025","Current","1/1/2026"
"Tasha Oxendine","taoxendine@lumbeetribe.com","Lumbee Tribe of North Carolina","","","","","","","","","Events","NC Fairs & Festivals 2025","Current","1/1/2026"
"Michael Gross","michael@ceemiagency.com","Ceemi Agency DBA BG Digital Group","","","","","","","","","Marketing Agency,Digital/Social Media, Web Design, Video Production, Virtual Events","NC Fairs & Festivals 2025","Current","1/1/2026"
"Marquetta Dickens","Marquetta.Dickens@Freedomorg.org","Freedom Org","","","","http://www.freedomorg.org","Freedom Org | 301 River Run Road","Rocky Mount","NC","27801","Events","NC Fairs & Festivals 2025","Current","1/1/2026"
"Marie Amsdill","marieamsdill@gmail.com","Rumba on the Lumber","","","","","Rumba on the Lumber/Robeson Road Runners | P.O. Box 473","Lumberton","NC","28359","Festival","NC Fairs & Festivals 2025","Current","1/1/2026"
"Elizabeth Kowalski","elizabeth@neonrose.productions","Neon Rose Productions","","","","","Neon Rose Productions | 5539 Beatties Ford Road","Charlotte","NC","28216","Full Service Event Production","NC Fairs & Festivals 2025","Current","1/1/2026"
"Tammy Peterson","Tammyp@hubbsfarmnc.com","Hubb's Farm","","","","http://www.hubbsfarmnc.com","Hubb's Farm | 10444 N US 421","Clinton","NC","28328","Events","NC Fairs & Festivals 2025","Current","1/1/2026"
"Thomas Bailey","tbailey@visitkinston.com","BBQ Festival on the Neuse","","","","","","","","","Festival","NC Fairs & Festivals 2025","Current","1/1/2026"
"Kaylynn  Suarez","kaylynnsuarez@gmail.com","Fayetteville Dogwood Festival","","","","","","","","","Festival","NC Fairs & Festivals 2025","Current","1/1/2026"
"Mary Hannah Parker","events@swissbear.org","Mumfest/Swiss Bear Downtown","","","","","","","","","Festival","NC Fairs & Festivals 2025","Current","1/1/2026"
"Claire Karriker","Claire.Karriker@salisburync.gov","City of Salisbury/Downtown Salisbury, Inc.","","","","","City of Salisbury/Downtown Salisbury | P.O. Box 479","Salisbury","NC","28145","Festival","NC Fairs & Festivals 2025","Current","1/1/2026"
"Sada Troutman","sada.troutman@salisburync.gov","City of Salisbury/Downtown Salisbury, Inc.","","","","","","","","","Festival","NC Fairs & Festivals 2025","Current","1/1/2026"
"Wendy Bryan","visitsanford@gmail.com","Visit Sanford","","","","","Visit Sanford | 229 Carthage Street","Sanford","NC","27330","Events","NC Fairs & Festivals 2025","Current","1/1/2026"
"Robyn  Abdusamad","shine.events72@gmail.com","NC Muslim Festival","","","","","NC Muslim Festival | 113 Boiling Springs Court","Whitsett","NC","27377","Festival","NC Fairs & Festivals 2025","Current","1/1/2026"
"Jacalyn McAlister","jmcalister@downtownsanford.com","Downtown Sanford","","","","","","","","","Events","NC Fairs & Festivals 2025","Current","1/1/2026"
"Kelli  Laudate","kplaudate@downtownsanford.com","Downtown Sanford","","","","","","","","","Events","NC Fairs & Festivals 2025","Current","1/1/2026"
"Kimberly Harper","kharper@ncat.edu","NC Muslim Festival","","","","","","","","","Festival","NC Fairs & Festivals 2025","Current","1/1/2026"
"Jenae Polk","jenae.polk@Fusionsiteservices.com","A Sani Can","","","","","A Sani Can | 8151 Webbs Road","Denver","NC","28037","Portable Restrooms","NC Fairs & Festivals 2025","Current","1/1/2026"
"Ronnie Caldwell","Ronnie@NashvillePerformances.com","Nashville Performances","","","","","Nashville Performances | 7952 Vista View Drive","Sherrills Ford","NC","28673","Show Producer/Artist Manager","NC Fairs & Festivals 2025","Current","1/1/2026"
"Alvin Gist","aldrummergist@gmail.com","Al G & Friends Party Band","","","Business: 2134758541|Cell: 2134758541","https://www.facebook.com/share/1A8t7BBCD1/?mibextid=qi2Omg","Al G & Friends Party Band | 169 Pink Orchard Drive","Mooresville","NC","28115","Entertainment","NC Fairs & Festivals 2025","Current","1/1/2026"
"Jenna Evans","jevans@selma-nc.com","Selma Railroad Days","","","","","","","","","Festival","NC Fairs & Festivals 2025","Current","1/1/2026"
"Gracie Waldrop","executivedirector@christmasvillerockhill.com","ChristmasVille Rock Hill","","","Business: 8038105540","http://christmasvillerockhill.com","","","","","Festival","NC Fairs & Festivals 2025","Current","1/1/2026"
"Shaun Simmons","shaun@stssinc.com","Simmons Temporary Staffing Solutions","","","Business: 919-548-8648|Cell: 9193068543","http://www.stssinc.com","STSS Inc. | 1135 Kildaire Farm Rd Suite 200","Cary","NC","27511","Temporary Staffing","NC Fairs & Festivals 2025","Current","1/1/2026"
"Yvette Simmons","ysimmons@stssinc.com","Simmons Temporary Staffing Solutions","","","","","","","","","Temporary Staffing","NC Fairs & Festivals 2025","Current","1/1/2026"
"Joel Hanks","joel@providencemusicgrp.com","Providence Music Group","","","","","Providence Music Group | 12 Wickham Rd","North Kingstown","RI","02852","Band Booking/Entertainment","NC Fairs & Festivals 2025","Current","1/1/2026"
"Ben Schomp|Edit Profile","ben@providencemusicgrp.com","Providence Music Group","","","","","","","","","Band Booking/Entertainment","NC Fairs & Festivals 2025","Current","1/1/2026"
